,Air.Temp.,Air.Temp1,Air.Temp2
09/06/2020 12:39:00,36.0037,6.195544,6.020412
09/06/2020 12:40:00,38.56945,38.58966,38.12792
09/06/2020 12:41:00,38.92698,38.6072,38.20101
09/06/2020 12:42:00,39.34206,38.88094,38.50736
09/06/2020 12:43:00,39.35383,39.25706,38.78169
09/06/2020 12:44:00,39.48919,39.28083,38.88236
09/06/2020 12:45:00,39.34919,37.72446,37.50725
09/06/2020 12:46:00,38.68563,39.15104,38.88555
09/06/2020 12:47:00,38.74477,38.95757,38.73507
09/06/2020 12:48:00,38.87257,38.83665,38.60317
09/06/2020 12:49:00,38.87789,38.81656,38.54221
09/06/2020 12:50:00,39.16235,38.90624,38.64925
09/06/2020 12:51:00,38.77678,38.93941,38.56011
09/06/2020 12:52:00,38.60423,38.8246,38.38086
09/06/2020 12:53:00,39.0691,38.87409,38.42579
09/06/2020 12:54:00,39.18777,38.95913,38.52775
09/06/2020 12:55:00,39.43269,39.06779,38.65763
09/06/2020 12:56:00,39.75549,39.22286,38.86362
09/06/2020 12:57:00,39.66219,39.34346,39.02007
09/06/2020 12:58:00,39.88034,39.35217,39.07105
09/06/2020 12:59:00,39.33061,39.21143,39.02143
09/06/2020 13:00:00,38.88784,38.91265,38.64342
09/06/2020 13:01:00,39.37051,38.95133,38.69087
09/06/2020 13:02:00,39.59981,38.96069,38.85701
09/06/2020 13:03:00,39.99471,39.7846,39.0642
09/06/2020 13:04:00,40.0223,40.05509,39.25651
09/06/2020 13:05:00,39.99482,40.01945,39.3708
09/06/2020 13:06:00,39.78023,40.00254,39.33769
09/06/2020 13:07:00,39.72164,39.93383,39.27588
09/06/2020 13:08:00,39.79767,39.99413,39.32607
09/06/2020 13:09:00,39.61332,39.95973,39.30464
09/06/2020 13:10:00,39.57014,39.76958,39.14329
09/06/2020 13:11:00,39.40243,39.73835,39.12177
09/06/2020 13:12:00,39.13905,39.5446,38.97779
09/06/2020 13:13:00,39.34032,39.42171,38.89584
09/06/2020 13:14:00,39.2618,39.44066,38.92752
09/06/2020 13:15:00,39.33139,39.4234,38.91191
09/06/2020 13:16:00,39.39692,39.47935,38.85907
09/06/2020 13:17:00,39.7063,39.56129,38.95998
09/06/2020 13:18:00,39.91586,39.68783,39.11845
09/06/2020 13:19:00,40.0231,39.83416,39.18463
09/06/2020 13:20:00,39.75465,39.84208,39.19212
09/06/2020 13:21:00,39.73305,39.82505,39.14086
09/06/2020 13:22:00,40.03994,39.91493,39.22023
09/06/2020 13:23:00,39.8282,39.99336,39.26762
09/06/2020 13:24:00,39.63195,39.9137,39.17587
09/06/2020 13:25:00,39.81068,39.91086,39.14553
09/06/2020 13:26:00,39.90926,39.95594,39.23934
09/06/2020 13:27:00,39.80741,39.98789,39.22874
09/06/2020 13:28:00,39.83414,39.91814,39.21516
09/06/2020 13:29:00,39.74071,39.90508,39.19175
09/06/2020 13:30:00,39.55801,39.82366,39.06306
09/06/2020 13:31:00,39.38534,39.76411,38.90985
09/06/2020 13:32:00,39.28668,39.82918,38.76332
09/06/2020 13:33:00,39.61812,39.81871,38.85549
09/06/2020 13:34:00,39.90826,39.97603,39.07368
09/06/2020 13:35:00,40.07508,40.048,39.23803
09/06/2020 13:36:00,39.68744,40.02475,39.24248
09/06/2020 13:37:00,39.21268,39.86123,38.94445
09/06/2020 13:38:00,39.37103,39.88583,38.89698
09/06/2020 13:39:00,39.30483,39.87289,38.90875
09/06/2020 13:40:00,39.12286,39.78242,38.74827
09/06/2020 13:41:00,39.09839,39.76892,38.68261
09/06/2020 13:42:00,39.52601,39.66155,38.84091
09/06/2020 13:43:00,39.78574,39.73437,39.03722
09/06/2020 13:44:00,39.99812,39.77507,39.18628
09/06/2020 13:45:00,40.32663,39.9592,39.50838
09/06/2020 13:46:00,40.37569,40.16103,39.6152
09/06/2020 13:47:00,40.02835,40.20242,39.53394
09/06/2020 13:48:00,39.74166,40.12165,39.25359
09/06/2020 13:49:00,39.69003,39.9912,39.12916
09/06/2020 13:50:00,39.70806,39.91589,39.06105
09/06/2020 13:51:00,39.92808,39.89619,39.21111
09/06/2020 13:52:00,39.52035,39.80521,39.14347
09/06/2020 13:53:00,39.28435,39.62087,38.97025
09/06/2020 13:54:00,38.98411,39.59562,38.73079
09/06/2020 13:55:00,38.88908,38.75867,38.55181
09/06/2020 13:56:00,38.84562,38.72565,38.40439
09/06/2020 13:57:00,38.86196,38.716,38.34406
09/06/2020 13:58:00,38.91183,38.71917,38.34347
09/06/2020 13:59:00,38.88403,38.71493,38.34188
09/06/2020 14:00:00,38.62837,38.66268,38.25821
09/06/2020 14:01:00,38.38519,38.48039,38.07954
09/06/2020 14:02:00,38.79766,38.48916,38.21497
09/06/2020 14:03:00,38.97327,38.64358,38.42339
09/06/2020 14:04:00,39.22394,38.78147,38.53941
09/06/2020 14:05:00,39.39857,38.98611,38.74291
09/06/2020 14:06:00,39.04968,39.06011,38.68105
09/06/2020 14:07:00,39.05265,39.01378,38.60737
09/06/2020 14:08:00,39.5793,39.11997,38.73055
09/06/2020 14:09:00,40.16151,39.38016,39.07665
09/06/2020 14:10:00,39.73224,39.59929,39.16509
09/06/2020 14:11:00,39.23409,39.42339,38.91445
09/06/2020 14:12:00,39.2738,39.25216,38.75922
09/06/2020 14:13:00,39.42799,39.21565,38.83302
09/06/2020 14:14:00,39.25661,39.14536,38.73363
09/06/2020 14:15:00,39.5236,39.17991,38.79687
09/06/2020 14:16:00,39.72758,39.29168,38.92702
09/06/2020 14:17:00,40.0883,39.49335,39.16477
09/06/2020 14:18:00,39.58049,39.51081,39.07787
09/06/2020 14:19:00,39.70311,39.41403,39.01982
09/06/2020 14:20:00,39.87382,39.49657,39.10453
09/06/2020 14:21:00,39.72477,39.52026,39.11426
09/06/2020 14:22:00,39.79356,39.50052,39.13647
09/06/2020 14:23:00,40.07295,39.44173,39.27671
09/06/2020 14:24:00,40.39459,39.82525,39.55927
09/06/2020 14:25:00,39.80495,40.39516,39.45023
09/06/2020 14:26:00,39.7267,40.18058,39.22876
09/06/2020 14:27:00,39.83097,40.03118,39.23333
09/06/2020 14:28:00,39.64813,39.99092,39.1682
09/06/2020 14:29:00,39.81753,40.00756,39.16968
09/06/2020 14:30:00,40.24205,40.09217,39.37319
09/06/2020 14:31:00,40.63468,40.20361,39.68623
09/06/2020 14:32:00,40.50945,40.37554,39.77645
09/06/2020 14:33:00,40.0924,40.37868,39.61759
09/06/2020 14:34:00,40.09989,40.28887,39.45919
09/06/2020 14:35:00,39.7267,40.11653,39.34331
09/06/2020 14:36:00,39.73516,40.11397,39.13887
09/06/2020 14:37:00,40.05443,40.21373,39.28302
09/06/2020 14:38:00,40.07404,40.28406,39.33287
09/06/2020 14:39:00,40.16834,40.20376,39.39566
09/06/2020 14:40:00,40.13262,40.21558,39.45563
09/06/2020 14:41:00,40.11742,40.19697,39.51693
09/06/2020 14:42:00,40.25042,40.24548,39.59431
09/06/2020 14:43:00,40.30706,40.29094,39.64147
09/06/2020 14:44:00,40.00394,40.19947,39.6368
09/06/2020 14:45:00,39.73507,40.02311,39.42646
09/06/2020 14:46:00,39.58826,40.01204,39.23805
09/06/2020 14:47:00,39.44372,39.33265,39.0699
09/06/2020 14:48:00,39.51679,39.13232,38.94188
09/06/2020 14:49:00,39.69178,39.28126,39.03967
09/06/2020 14:50:00,39.40092,39.30115,38.9326
09/06/2020 14:51:00,39.21643,39.17316,38.78637
09/06/2020 14:52:00,39.27419,39.11418,38.73734
09/06/2020 14:53:00,39.39311,39.10701,38.77081
09/06/2020 14:54:00,39.40917,39.18207,38.84435
09/06/2020 14:55:00,39.3646,39.12394,38.81236
09/06/2020 14:56:00,39.31361,39.16076,38.80687
09/06/2020 14:57:00,39.31045,39.11766,38.78544
09/06/2020 14:58:00,39.68088,39.21505,38.94138
09/06/2020 14:59:00,40.14967,39.48506,39.17862
09/06/2020 15:00:00,40.26856,39.62139,39.39887
09/06/2020 15:01:00,40.15265,39.5701,39.44204
09/06/2020 15:02:00,40.25037,39.97039,39.57842
09/06/2020 15:03:00,40.02217,40.46137,39.52235
09/06/2020 15:04:00,39.8881,40.2687,39.42332
09/06/2020 15:05:00,39.57922,40.11337,39.23173
09/06/2020 15:06:00,39.43855,39.42665,39.04881
09/06/2020 15:07:00,39.53489,39.07784,39.04022
09/06/2020 15:08:00,39.62713,39.07985,39.0403
09/06/2020 15:09:00,39.64945,39.30376,39.06445
09/06/2020 15:10:00,39.92556,40.0724,39.19468
09/06/2020 15:11:00,40.20721,40.01263,39.38801
09/06/2020 15:12:00,40.40822,40.14722,39.6109
09/06/2020 15:13:00,40.17179,40.17818,39.62624
09/06/2020 15:14:00,40.27579,40.20881,39.62508
09/06/2020 15:15:00,40.12242,40.21366,39.65125
09/06/2020 15:16:00,39.88251,40.07822,39.4958
09/06/2020 15:17:00,40.13887,40.04891,39.48372
09/06/2020 15:18:00,40.35259,40.16639,39.62906
09/06/2020 15:19:00,40.34636,40.24534,39.67118
09/06/2020 15:20:00,40.32292,40.27932,39.70079
09/06/2020 15:21:00,40.3849,40.31633,39.73028
09/06/2020 15:22:00,40.34246,40.32169,39.70649
09/06/2020 15:23:00,40.4834,40.37195,39.78043
09/06/2020 15:24:00,40.07189,40.29768,39.69653
09/06/2020 15:25:00,39.87628,40.13237,39.48283
09/06/2020 15:26:00,40.07825,40.08441,39.47975
09/06/2020 15:27:00,40.15587,40.11157,39.54371
09/06/2020 15:28:00,40.16437,40.11788,39.50716
09/06/2020 15:29:00,40.12627,40.11967,39.47726
09/06/2020 15:30:00,39.98127,40.137,39.449
09/06/2020 15:31:00,40.04331,40.09986,39.41513
09/06/2020 15:32:00,40.0876,40.11823,39.46196
09/06/2020 15:33:00,40.02829,40.08532,39.49421
09/06/2020 15:34:00,40.03265,40.04608,39.43673
09/06/2020 15:35:00,40.16523,40.10023,39.4902
09/06/2020 15:36:00,40.1148,40.16082,39.462
09/06/2020 15:37:00,40.14725,40.1795,39.45375
09/06/2020 15:38:00,40.26297,40.22004,39.579
09/06/2020 15:39:00,40.35656,40.25964,39.64556
09/06/2020 15:40:00,40.46589,40.32928,39.71415
09/06/2020 15:41:00,40.46014,40.42287,39.80262
09/06/2020 15:42:00,40.04539,40.28614,39.62354
09/06/2020 15:43:00,39.89524,40.18476,39.47465
09/06/2020 15:44:00,40.16499,40.17275,39.49397
09/06/2020 15:45:00,40.28914,40.21852,39.62083
09/06/2020 15:46:00,39.91207,40.17987,39.57083
09/06/2020 15:47:00,39.7653,40.04366,39.41975
09/06/2020 15:48:00,39.92903,39.99324,39.38604
09/06/2020 15:49:00,40.15404,40.00481,39.49642
09/06/2020 15:50:00,40.25018,40.12851,39.63218
09/06/2020 15:51:00,40.32209,40.20961,39.647
09/06/2020 15:52:00,40.24286,40.25214,39.69155
09/06/2020 15:53:00,39.71801,40.10557,39.5185
09/06/2020 15:54:00,39.58794,39.84141,39.24114
09/06/2020 15:55:00,39.74021,39.78948,39.20586
09/06/2020 15:56:00,39.66112,39.74104,39.20722
09/06/2020 15:57:00,39.59755,39.71777,39.14321
09/06/2020 15:58:00,39.73302,39.71833,39.14168
09/06/2020 15:59:00,39.76048,39.84663,39.20753
09/06/2020 16:00:00,39.81348,39.95715,39.21067
09/06/2020 16:01:00,39.71147,39.19863,39.22943
09/06/2020 16:02:00,39.75215,39.20899,39.21087
09/06/2020 16:03:00,39.65581,39.16122,39.14058
09/06/2020 16:04:00,39.59873,39.2507,39.10998
09/06/2020 16:05:00,39.50738,39.29531,39.05706
09/06/2020 16:06:00,39.62077,39.33137,39.04224
09/06/2020 16:07:00,39.52743,39.32333,39.04014
09/06/2020 16:08:00,39.67237,39.32512,39.05012
09/06/2020 16:09:00,39.91265,39.46876,39.18717
09/06/2020 16:10:00,39.7512,39.45445,39.21668
09/06/2020 16:11:00,39.7137,39.32652,39.23576
09/06/2020 16:12:00,39.66851,39.25028,39.2087
09/06/2020 16:13:00,39.75117,39.30788,39.18178
09/06/2020 16:14:00,39.7466,39.42864,39.19255
09/06/2020 16:15:00,39.54776,39.13001,39.13428
09/06/2020 16:16:00,39.29914,39.16702,38.97162
09/06/2020 16:17:00,39.28411,39.15228,38.81063
09/06/2020 16:18:00,39.44155,39.2056,38.84708
09/06/2020 16:19:00,39.63619,39.23053,38.94997
09/06/2020 16:20:00,39.49503,39.31197,38.99949
09/06/2020 16:21:00,39.22316,39.23138,38.80114
09/06/2020 16:22:00,39.2556,39.15568,38.70414
09/06/2020 16:23:00,39.20521,39.11574,38.63072
09/06/2020 16:24:00,39.33527,39.11673,38.67737
09/06/2020 16:25:00,39.3904,39.12947,38.7483
09/06/2020 16:26:00,39.5965,39.26304,38.85085
09/06/2020 16:27:00,39.61059,39.30216,38.95578
09/06/2020 16:28:00,39.34843,39.26046,38.86656
09/06/2020 16:29:00,39.31106,39.20693,38.78343
09/06/2020 16:30:00,39.39512,39.19512,38.80508
09/06/2020 16:31:00,39.42265,39.23004,38.84939
09/06/2020 16:32:00,39.40586,39.21303,38.84341
09/06/2020 16:33:00,39.53195,39.26856,38.89905
09/06/2020 16:34:00,39.76126,39.3535,39.03926
09/06/2020 16:35:00,39.78911,39.49345,39.11395
09/06/2020 16:36:00,39.42843,39.43642,39.02105
09/06/2020 16:37:00,39.30293,39.28468,38.91299
09/06/2020 16:38:00,39.18079,39.18647,38.76252
09/06/2020 16:39:00,39.08947,39.10827,38.62711
09/06/2020 16:40:00,39.12608,39.01984,38.64039
09/06/2020 16:41:00,39.07919,39.00246,38.61377
09/06/2020 16:42:00,39.00324,38.91704,38.56864
09/06/2020 16:43:00,39.02065,38.91218,38.5303
09/06/2020 16:44:00,39.0162,38.86506,38.55004
09/06/2020 16:45:00,38.93334,38.82445,38.53463
09/06/2020 16:46:00,38.98999,38.81622,38.53905
09/06/2020 16:47:00,39.18628,38.9114,38.62806
09/06/2020 16:48:00,39.33398,39.02517,38.79422
09/06/2020 16:49:00,39.30446,39.12909,38.83281
09/06/2020 16:50:00,39.61066,39.21045,38.94952
09/06/2020 16:51:00,39.76536,39.37008,39.10229
09/06/2020 16:52:00,39.52844,39.41652,39.11218
09/06/2020 16:53:00,39.58161,39.40378,39.05237
09/06/2020 16:54:00,39.63887,39.41379,39.12045
09/06/2020 16:55:00,39.51867,39.40445,39.13562
09/06/2020 16:56:00,39.65558,39.3341,39.1309
09/06/2020 16:57:00,39.64371,39.40107,39.14273
09/06/2020 16:58:00,39.5826,39.36201,39.1436
09/06/2020 16:59:00,39.39169,39.29866,39.03791
09/06/2020 17:00:00,39.43293,39.25916,38.98777
09/06/2020 17:01:00,39.43327,39.28396,39.03128
09/06/2020 17:02:00,39.31514,39.23871,38.96294
09/06/2020 17:03:00,39.22493,39.12812,38.8747
09/06/2020 17:04:00,39.4845,39.16296,38.91711
09/06/2020 17:05:00,39.74124,39.19593,39.08166
09/06/2020 17:06:00,39.75206,39.25669,39.15434
09/06/2020 17:07:00,39.64048,39.18832,39.18012
09/06/2020 17:08:00,39.39496,39.18603,39.09578
09/06/2020 17:09:00,39.5442,39.23727,39.06145
09/06/2020 17:10:00,39.5717,39.23241,39.10694
09/06/2020 17:11:00,39.44691,39.2929,39.03402
09/06/2020 17:12:00,39.42786,39.23754,39.02574
09/06/2020 17:13:00,39.38189,39.24013,38.94306
09/06/2020 17:14:00,39.28564,39.18153,38.8448
09/06/2020 17:15:00,39.30765,39.18298,38.84962
09/06/2020 17:16:00,39.44514,39.15197,38.92319
09/06/2020 17:17:00,39.6014,39.21609,39.04126
09/06/2020 17:18:00,39.45099,39.22429,39.04334
09/06/2020 17:19:00,39.3933,39.22924,39.04036
09/06/2020 17:20:00,39.437,39.21566,38.96369
09/06/2020 17:21:00,39.45922,39.24809,39.01112
09/06/2020 17:22:00,39.34451,39.19154,38.95696
09/06/2020 17:23:00,39.29938,39.13493,38.93954
09/06/2020 17:24:00,39.31724,39.1378,38.87142
09/06/2020 17:25:00,39.43545,39.17882,38.91848
09/06/2020 17:26:00,39.40117,39.19974,38.94712
09/06/2020 17:27:00,39.23865,39.15256,38.85379
09/06/2020 17:28:00,39.30313,39.14083,38.82951
09/06/2020 17:29:00,39.24577,39.12129,38.79073
09/06/2020 17:30:00,39.31627,39.12008,38.82304
09/06/2020 17:31:00,39.43264,39.18587,38.88063
09/06/2020 17:32:00,39.43736,39.2157,38.94403
09/06/2020 17:33:00,39.38672,39.21246,38.94746
09/06/2020 17:34:00,39.31879,39.1995,38.86701
09/06/2020 17:35:00,39.25087,39.13497,38.82505
09/06/2020 17:36:00,38.98729,39.07045,38.6715
09/06/2020 17:37:00,38.91951,38.97424,38.55702
09/06/2020 17:38:00,38.97988,38.92131,38.53021
09/06/2020 17:39:00,39.03586,38.93147,38.54154
09/06/2020 17:40:00,39.17939,38.96278,38.59412
09/06/2020 17:41:00,39.23076,39.03157,38.63017
09/06/2020 17:42:00,39.33532,39.04367,38.71642
09/06/2020 17:43:00,39.39688,39.12834,38.76359
09/06/2020 17:44:00,39.3413,39.19672,38.80598
09/06/2020 17:45:00,39.29099,39.16508,38.77837
09/06/2020 17:46:00,39.25435,39.21523,38.78458
09/06/2020 17:47:00,39.09626,39.1343,38.71027
09/06/2020 17:48:00,38.90698,39.01416,38.56339
09/06/2020 17:49:00,38.82872,38.84225,38.44538
09/06/2020 17:50:00,38.78183,38.81626,38.38817
09/06/2020 17:51:00,38.71711,38.73954,38.27073
09/06/2020 17:52:00,38.68469,38.70028,38.26836
09/06/2020 17:53:00,38.60376,38.61129,38.23926
09/06/2020 17:54:00,38.52576,38.59343,38.20219
09/06/2020 17:55:00,38.49093,38.51099,38.17905
09/06/2020 17:56:00,38.53956,38.45455,38.17494
09/06/2020 17:57:00,38.59914,38.50941,38.22454
09/06/2020 17:58:00,38.62776,38.5131,38.26419
09/06/2020 17:59:00,38.73483,38.5544,38.30035
09/06/2020 18:00:00,38.80052,38.60923,38.36347
09/06/2020 18:01:00,38.86465,38.69402,38.42967
09/06/2020 18:02:00,38.8314,38.71264,38.44537
09/06/2020 18:03:00,38.76603,38.71291,38.43808
09/06/2020 18:04:00,38.813,38.71283,38.4314
09/06/2020 18:05:00,38.68502,38.71136,38.40783
09/06/2020 18:06:00,38.55141,38.6209,38.31245
09/06/2020 18:07:00,38.41112,38.53447,38.22423
09/06/2020 18:08:00,38.34657,38.42683,38.08294
09/06/2020 18:09:00,38.41937,38.40557,38.05384
09/06/2020 18:10:00,38.34345,38.38014,38.15258
09/06/2020 18:11:00,38.34249,38.33215,38.05307
09/06/2020 18:12:00,38.2869,38.30523,38.01579
09/06/2020 18:13:00,38.3176,38.30165,37.99938
09/06/2020 18:14:00,38.38375,38.30491,38.03493
09/06/2020 18:15:00,38.3316,38.30385,38.02838
09/06/2020 18:16:00,38.23288,38.28961,37.93559
09/06/2020 18:17:00,38.19415,38.24582,37.90426
09/06/2020 18:18:00,38.222,38.21315,37.93614
09/06/2020 18:19:00,38.24236,38.24852,37.92746
09/06/2020 18:20:00,38.18629,38.23234,37.88042
09/06/2020 18:21:00,38.02701,38.1967,37.81478
09/06/2020 18:22:00,37.98143,38.20011,37.73006
09/06/2020 18:23:00,38.02931,38.20587,37.64982
09/06/2020 18:24:00,38.03245,38.2056,37.6835
09/06/2020 18:25:00,38.05378,38.20582,37.72652
09/06/2020 18:26:00,38.05578,38.20514,37.66686
09/06/2020 18:27:00,38.01875,38.20554,37.67467
09/06/2020 18:28:00,38.04504,38.20483,37.69784
09/06/2020 18:29:00,38.07859,38.20848,37.71015
09/06/2020 18:30:00,38.0984,38.21607,37.73031
09/06/2020 18:31:00,38.08003,38.21049,37.70679
09/06/2020 18:32:00,38.01744,38.20549,37.69307
09/06/2020 18:33:00,37.9539,38.20033,37.62365
09/06/2020 18:34:00,37.89194,38.11306,37.55674
09/06/2020 18:35:00,37.85061,38.02956,37.5301
09/06/2020 18:36:00,37.81721,37.95708,37.48486
09/06/2020 18:37:00,37.79854,37.89806,37.43257
09/06/2020 18:38:00,37.74172,37.83683,37.42896
09/06/2020 18:39:00,37.67645,37.7447,37.34396
09/06/2020 18:40:00,37.63601,37.70206,37.31832
09/06/2020 18:41:00,37.62243,37.61253,37.25467
09/06/2020 18:42:00,37.64178,37.60639,37.25145
09/06/2020 18:43:00,37.6289,37.53088,37.22738
09/06/2020 18:44:00,37.60081,37.54057,37.2275
09/06/2020 18:45:00,37.58877,37.50993,37.22573
09/06/2020 18:46:00,37.57833,37.5099,37.1734
09/06/2020 18:47:00,37.55998,37.50643,37.12735
09/06/2020 18:48:00,37.52917,37.48499,37.12445
09/06/2020 18:49:00,37.50755,37.41886,37.12248
09/06/2020 18:50:00,37.48413,37.41876,37.11556
09/06/2020 18:51:00,37.47317,37.41001,37.05656
09/06/2020 18:52:00,37.45386,37.39429,37.06615
09/06/2020 18:53:00,37.41134,37.35473,37.02103
09/06/2020 18:54:00,37.39108,37.33683,37.02013
09/06/2020 18:55:00,37.35509,37.30909,36.98629
09/06/2020 18:56:00,37.36006,37.29213,36.93624
09/06/2020 18:57:00,37.34657,37.26904,36.92216
09/06/2020 18:58:00,37.34382,37.28185,36.93582
09/06/2020 18:59:00,37.30447,37.22405,36.90467
09/06/2020 19:00:00,37.28418,37.21351,36.91209
09/06/2020 19:01:00,37.28926,37.21236,36.90071
09/06/2020 19:02:00,37.2583,37.20141,36.8856
09/06/2020 19:03:00,37.22809,37.18085,36.82166
09/06/2020 19:04:00,37.21259,37.11235,36.82193
09/06/2020 19:05:00,37.18365,37.11184,36.80617
09/06/2020 19:06:00,37.1808,37.11174,36.79282
09/06/2020 19:07:00,37.15388,37.11133,36.74411
09/06/2020 19:08:00,37.13777,37.08527,36.72002
09/06/2020 19:09:00,37.12696,37.05651,36.72181
09/06/2020 19:10:00,37.12149,37.01412,36.71949
09/06/2020 19:11:00,37.09138,37.01464,36.70608
09/06/2020 19:12:00,37.08172,37.01443,36.70926
09/06/2020 19:13:00,37.06821,37.01367,36.67896
09/06/2020 19:14:00,37.06531,36.98395,36.6232
09/06/2020 19:15:00,37.05547,36.95271,36.626
09/06/2020 19:16:00,37.05152,36.94595,36.62274
09/06/2020 19:17:00,37.05484,36.97913,36.61938
09/06/2020 19:18:00,37.02084,36.9217,36.62233
09/06/2020 19:19:00,37.00152,36.93496,36.62005
09/06/2020 19:20:00,36.98467,36.92097,36.54814
09/06/2020 19:21:00,36.95311,36.90135,36.54765
09/06/2020 19:22:00,36.93272,36.85135,36.52396
09/06/2020 19:23:00,36.9258,36.82681,36.52227
09/06/2020 19:24:00,36.91719,36.82009,36.48999
09/06/2020 19:25:00,36.90683,36.80033,36.50139
09/06/2020 19:26:00,36.91508,36.79993,36.4936
09/06/2020 19:27:00,36.89696,36.80468,36.46371
09/06/2020 19:28:00,36.88554,36.8148,36.45607
09/06/2020 19:29:00,36.87582,36.80653,36.43824
09/06/2020 19:30:00,36.8635,36.79624,36.42611
09/06/2020 19:31:00,36.85153,36.74701,36.40954
09/06/2020 19:32:00,36.87471,36.7523,36.41777
09/06/2020 19:33:00,36.88316,36.72663,36.42139
09/06/2020 19:34:00,36.86835,36.78367,36.40082
09/06/2020 19:35:00,36.86012,36.73522,36.41335
09/06/2020 19:36:00,36.83733,36.71323,36.40926
09/06/2020 19:37:00,36.82591,36.72684,36.35742
09/06/2020 19:38:00,36.82821,36.71354,36.36589
09/06/2020 19:39:00,36.8148,36.71651,36.37252
09/06/2020 19:40:00,36.80207,36.71379,36.30156
09/06/2020 19:41:00,36.78917,36.71364,36.31887
09/06/2020 19:42:00,36.75682,36.71379,36.30199
09/06/2020 19:43:00,36.71157,36.68665,36.2907
09/06/2020 19:44:00,36.67,36.63278,36.26327
09/06/2020 19:45:00,36.61869,36.62645,36.21126
09/06/2020 19:46:00,36.60278,36.61053,36.20609
09/06/2020 19:47:00,36.59576,36.60622,36.12265
09/06/2020 19:48:00,36.61467,36.57946,36.1206
09/06/2020 19:49:00,36.62188,36.56483,36.11476
09/06/2020 19:50:00,36.59405,36.56303,36.09777
09/06/2020 19:51:00,36.57367,36.55735,36.08578
09/06/2020 19:52:00,36.55908,36.56083,36.0642
09/06/2020 19:53:00,36.54683,36.5657,36.0471
09/06/2020 19:54:00,36.526,36.53851,36.04699
09/06/2020 19:55:00,36.51302,36.46857,36.01449
09/06/2020 19:56:00,36.50225,36.44592,36.01831
09/06/2020 19:57:00,36.50311,36.4579,36.01271
09/06/2020 19:58:00,36.49371,36.47048,36.00728
09/06/2020 19:59:00,36.49056,36.49776,35.99622
09/06/2020 20:00:00,36.48037,36.38682,35.98235
09/06/2020 20:01:00,36.49458,36.34238,35.96284
09/06/2020 20:02:00,36.50764,36.40769,36.01183
09/06/2020 20:03:00,36.51301,36.37829,35.955
09/06/2020 20:04:00,36.50029,36.34426,35.99585
09/06/2020 20:05:00,36.4838,36.30191,35.93949
09/06/2020 20:06:00,36.4857,36.2671,35.97732
09/06/2020 20:07:00,36.48152,36.31005,35.94731
09/06/2020 20:08:00,36.45443,36.27559,35.91481
09/06/2020 20:09:00,36.39665,36.28096,35.91099
09/06/2020 20:10:00,36.37191,36.25793,35.8712
09/06/2020 20:11:00,36.35316,36.23838,35.85643
09/06/2020 20:12:00,36.29628,36.21802,35.77981
09/06/2020 20:13:00,36.23317,36.19133,35.74042
09/06/2020 20:14:00,36.2378,36.16235,35.71765
09/06/2020 20:15:00,36.25402,36.16687,35.70998
09/06/2020 20:16:00,36.26812,36.1551,35.69774
09/06/2020 20:17:00,36.28228,36.12571,35.63451
09/06/2020 20:18:00,36.28557,36.11272,35.61523
09/06/2020 20:19:00,36.29201,36.15175,35.64918
09/06/2020 20:20:00,36.30052,36.18565,35.61465
09/06/2020 20:21:00,36.30328,36.2027,35.51635
09/06/2020 20:22:00,36.29461,36.14336,35.63133
09/06/2020 20:23:00,36.28516,36.1643,35.63579
09/06/2020 20:24:00,36.25217,36.13535,35.54157
09/06/2020 20:25:00,36.2323,36.11283,35.42751
09/06/2020 20:26:00,36.19132,36.11229,35.34513
09/06/2020 20:27:00,36.17936,36.11273,35.29963
09/06/2020 20:28:00,36.15232,36.09477,35.15918
09/06/2020 20:29:00,36.14837,36.05206,35.24319
09/06/2020 20:30:00,36.15464,36.01735,35.19278
09/06/2020 20:31:00,36.1197,36.01528,35.13774
09/06/2020 20:32:00,36.07692,36.01498,35.07773
09/06/2020 20:33:00,36.04446,36.00786,35.08136
09/06/2020 20:34:00,36.04181,35.99505,35.13374
09/06/2020 20:35:00,36.02679,35.95141,35.80198
09/06/2020 20:36:00,36.00469,35.93838,36.24018
09/06/2020 20:37:00,36.00871,35.91154,36.50422
09/06/2020 20:38:00,36.01183,35.90371,36.34068
09/06/2020 20:39:00,36.01653,35.9127,36.39159
09/06/2020 20:40:00,35.99974,35.89467,36.24601
09/06/2020 20:41:00,35.98152,35.91261,36.25473
09/06/2020 20:42:00,35.9588,35.91313,36.20869
09/06/2020 20:43:00,35.94128,35.90622,36.14751
09/06/2020 20:44:00,35.9132,35.91254,36.05732
09/06/2020 20:45:00,35.90841,35.87803,36.05329
09/06/2020 20:46:00,35.89527,35.82947,36.00592
09/06/2020 20:47:00,35.87826,35.89465,36.00591
09/06/2020 20:48:00,35.8338,35.84114,35.97997
09/06/2020 20:49:00,35.78886,35.82595,36.05017
09/06/2020 20:50:00,35.78541,35.81281,35.86372
09/06/2020 20:51:00,35.76857,35.79282,35.81968
09/06/2020 20:52:00,35.75847,35.75211,35.7668
09/06/2020 20:53:00,35.74156,35.71396,35.72435
09/06/2020 20:54:00,35.71518,35.70362,35.716
09/06/2020 20:55:00,35.68944,35.66425,35.67906
09/06/2020 20:56:00,35.67876,35.64067,35.62304
09/06/2020 20:57:00,35.65443,35.61117,35.61108
09/06/2020 20:58:00,35.64418,35.60931,35.56642
09/06/2020 20:59:00,35.64178,35.60468,35.52182
09/06/2020 21:00:00,35.63179,35.60933,35.49202
09/06/2020 21:01:00,35.62114,35.60809,35.49624
09/06/2020 21:02:00,35.59406,35.54026,35.46307
09/06/2020 21:03:00,35.58061,35.51534,35.43822
09/06/2020 21:04:00,35.57713,35.51328,35.4797
09/06/2020 21:05:00,35.56499,35.50877,35.4624
09/06/2020 21:06:00,35.51546,35.50835,35.42974
09/06/2020 21:07:00,35.43815,35.46616,35.38967
09/06/2020 21:08:00,35.42018,35.39295,35.31189
09/06/2020 21:09:00,35.45443,35.37013,35.27349
09/06/2020 21:10:00,35.50014,35.40506,35.31269
09/06/2020 21:11:00,35.49145,35.39062,35.31119
09/06/2020 21:12:00,35.48005,35.39346,35.30956
09/06/2020 21:13:00,35.49158,35.37885,35.278
09/06/2020 21:14:00,35.51435,35.38231,35.31586
09/06/2020 21:15:00,35.54717,35.4063,35.3171
09/06/2020 21:16:00,35.56512,35.40601,35.31549
09/06/2020 21:17:00,35.56469,35.4094,35.38522
09/06/2020 21:18:00,35.51936,35.40922,35.34442
09/06/2020 21:19:00,35.48075,35.43699,35.33681
09/06/2020 21:20:00,35.44294,35.40556,35.33665
09/06/2020 21:21:00,35.4054,35.35865,35.29038
09/06/2020 21:22:00,35.3454,35.36355,35.26862
09/06/2020 21:23:00,35.2703,35.30395,35.21682
09/06/2020 21:24:00,35.24974,35.3043,35.15258
09/06/2020 21:25:00,35.21696,35.20316,35.12988
09/06/2020 21:26:00,35.23283,35.20274,35.11837
09/06/2020 21:27:00,35.24739,35.20305,35.07911
09/06/2020 21:28:00,35.27337,35.20255,35.1007
09/06/2020 21:29:00,35.31668,35.20107,35.09193
09/06/2020 21:30:00,35.39892,35.20303,35.09663
09/06/2020 21:31:00,35.42016,35.20247,35.12295
09/06/2020 21:32:00,35.42559,35.228,35.12374
09/06/2020 21:33:00,35.42729,35.3042,35.21298
09/06/2020 21:34:00,35.3917,35.29916,35.2106
09/06/2020 21:35:00,35.33789,35.27871,35.18958
09/06/2020 21:36:00,35.30543,35.27675,35.17389
09/06/2020 21:37:00,35.3032,35.23606,35.11853
09/06/2020 21:38:00,35.31378,35.20304,35.1263
09/06/2020 21:39:00,35.29176,35.2205,35.14782
09/06/2020 21:40:00,35.27177,35.20521,35.10652
09/06/2020 21:41:00,35.28156,35.2063,35.09966
09/06/2020 21:42:00,35.2954,35.20306,35.10737
09/06/2020 21:43:00,35.27797,35.20327,35.10851
09/06/2020 21:44:00,35.26365,35.20274,35.11829
09/06/2020 21:45:00,35.23547,35.19448,35.08198
09/06/2020 21:46:00,35.24317,35.1807,35.01902
09/06/2020 21:47:00,35.27261,35.15106,35.02943
09/06/2020 21:48:00,35.24958,35.16024,35.01918
09/06/2020 21:49:00,35.20284,35.10349,35.01908
09/06/2020 21:50:00,35.16087,35.10268,34.98422
09/06/2020 21:51:00,35.11388,35.09803,34.92011
09/06/2020 21:52:00,35.10256,35.06574,34.89487
09/06/2020 21:53:00,35.07196,35.01624,34.83337
09/06/2020 21:54:00,35.051,34.97114,34.81671
09/06/2020 21:55:00,35.04981,34.99773,34.8162
09/06/2020 21:56:00,35.04017,34.96326,34.80912
09/06/2020 21:57:00,35.02579,34.95288,34.80602
09/06/2020 21:58:00,35.01323,34.94109,34.80863
09/06/2020 21:59:00,35.01571,34.92135,34.7619
09/06/2020 22:00:00,34.98754,34.89923,34.7893
09/06/2020 22:01:00,34.96107,34.91343,34.74728
09/06/2020 22:02:00,34.92496,34.89875,34.71606
09/06/2020 22:03:00,34.88742,34.86777,34.7128
09/06/2020 22:04:00,34.87554,34.81868,34.65829
09/06/2020 22:05:00,34.84352,34.80061,34.623
09/06/2020 22:06:00,34.85616,34.80058,34.63108
09/06/2020 22:07:00,34.86493,34.78896,34.62251
09/06/2020 22:08:00,34.87264,34.80016,34.6139
09/06/2020 22:09:00,34.88178,34.78979,34.61734
09/06/2020 22:10:00,34.88973,34.775,34.60696
09/06/2020 22:11:00,34.86415,34.7645,34.61404
09/06/2020 22:12:00,34.85577,34.7406,34.59037
09/06/2020 22:13:00,34.85554,34.71035,34.55023
09/06/2020 22:14:00,34.85303,34.70216,34.59336
09/06/2020 22:15:00,34.81261,34.69921,34.58672
09/06/2020 22:16:00,34.80011,34.69821,34.56257
09/06/2020 22:17:00,34.84026,34.69837,34.5695
09/06/2020 22:18:00,34.84496,34.69934,34.59791
09/06/2020 22:19:00,34.82012,34.69878,34.59129
09/06/2020 22:20:00,34.81681,34.69838,34.56438
09/06/2020 22:21:00,34.81038,34.69899,34.60975
09/06/2020 22:22:00,34.81311,34.6987,34.53904
09/06/2020 22:23:00,34.81876,34.69898,34.57787
09/06/2020 22:24:00,34.8181,34.69873,34.61145
09/06/2020 22:25:00,34.79597,34.69833,34.56022
09/06/2020 22:26:00,34.76879,34.66688,34.58846
09/06/2020 22:27:00,34.73728,34.69061,34.53688
09/06/2020 22:28:00,34.71502,34.69904,34.51983
09/06/2020 22:29:00,34.68156,34.65003,34.5214
09/06/2020 22:30:00,34.66066,34.60465,34.4951
09/06/2020 22:31:00,34.64057,34.59816,34.51422
09/06/2020 22:32:00,34.62435,34.59801,34.4921
09/06/2020 22:33:00,34.58933,34.59733,34.49335
09/06/2020 22:34:00,34.54842,34.57779,34.44931
09/06/2020 22:35:00,34.53678,34.54497,34.41365
09/06/2020 22:36:00,34.52014,34.52649,34.39007
09/06/2020 22:37:00,34.49044,34.49791,34.34759
09/06/2020 22:38:00,34.47376,34.47703,34.33001
09/06/2020 22:39:00,34.49844,34.46706,34.32666
09/06/2020 22:40:00,34.50056,34.48046,34.31441
09/06/2020 22:41:00,34.49927,34.45734,34.32222
09/06/2020 22:42:00,34.49429,34.48713,34.35483
09/06/2020 22:43:00,34.50855,34.42994,34.30818
09/06/2020 22:44:00,34.48188,34.44234,34.31858
09/06/2020 22:45:00,34.48077,34.41389,34.26765
09/06/2020 22:46:00,34.47819,34.39937,34.30748
09/06/2020 22:47:00,34.48786,34.399,34.28595
09/06/2020 22:48:00,34.53996,34.39927,34.29742
09/06/2020 22:49:00,34.55657,34.40785,34.30886
09/06/2020 22:50:00,34.5552,34.3986,34.29413
09/06/2020 22:51:00,34.55603,34.42693,34.30091
09/06/2020 22:52:00,34.55708,34.47272,34.3181
09/06/2020 22:53:00,34.55333,34.44975,34.31723
09/06/2020 22:54:00,34.55072,34.44738,34.31056
09/06/2020 22:55:00,34.54483,34.48802,34.33799
09/06/2020 22:56:00,34.51052,34.4463,34.32714
09/06/2020 22:57:00,34.49049,34.47304,34.31768
09/06/2020 22:58:00,34.46794,34.44583,34.31108
09/06/2020 22:59:00,34.44289,34.40477,34.30885
09/06/2020 23:00:00,34.41797,34.39867,34.26105
09/06/2020 23:01:00,34.40204,34.39466,34.22799
09/06/2020 23:02:00,34.40003,34.36157,34.21132
09/06/2020 23:03:00,34.38446,34.3198,34.20936
09/06/2020 23:04:00,34.39251,34.32122,34.17474
09/06/2020 23:05:00,34.38147,34.32779,34.19933
09/06/2020 23:06:00,34.37624,34.31483,34.19948
09/06/2020 23:07:00,34.38053,34.2989,34.14458
09/06/2020 23:08:00,34.37273,34.2997,34.16796
09/06/2020 23:09:00,34.38218,34.29973,34.13869
09/06/2020 23:10:00,34.39052,34.29969,34.20957
09/06/2020 23:11:00,34.39214,34.36388,34.18241
09/06/2020 23:12:00,34.36824,34.31441,34.1483
09/06/2020 23:13:00,34.33496,34.29972,34.16453
09/06/2020 23:14:00,34.29634,34.29842,34.15627
09/06/2020 23:15:00,34.27309,34.27761,34.11272
09/06/2020 23:16:00,34.26765,34.25363,34.09602
09/06/2020 23:17:00,34.27184,34.24019,34.10967
09/06/2020 23:18:00,34.27252,34.24384,34.10985
09/06/2020 23:19:00,34.26012,34.21688,34.11615
09/06/2020 23:20:00,34.24486,34.20695,34.11003
09/06/2020 23:21:00,34.23015,34.19784,34.11067
09/06/2020 23:22:00,34.20142,34.19795,34.1315
09/06/2020 23:23:00,34.19903,34.19774,34.11034
09/06/2020 23:24:00,34.1927,34.19788,34.1002
09/06/2020 23:25:00,34.17735,34.17942,34.03106
09/06/2020 23:26:00,34.15165,34.16927,34.04142
09/06/2020 23:27:00,34.1208,34.12753,34.00894
09/06/2020 23:28:00,34.09006,34.09728,33.98796
09/06/2020 23:29:00,34.07622,34.09718,33.95711
09/06/2020 23:30:00,34.06408,34.09614,33.91265
09/06/2020 23:31:00,34.055,34.09781,33.93443
09/06/2020 23:32:00,34.03726,34.09401,33.91174
09/06/2020 23:33:00,34.02436,34.09571,33.91121
09/06/2020 23:34:00,33.99574,34.04067,33.90268
09/06/2020 23:35:00,33.97796,34.05397,33.91084
09/06/2020 23:36:00,33.96118,34.01348,33.86008
09/06/2020 23:37:00,33.96102,34.00171,33.83286
09/06/2020 23:38:00,33.94865,33.99657,33.83058
09/06/2020 23:39:00,33.94114,33.99717,33.81802
09/06/2020 23:40:00,33.92006,33.99618,33.81096
09/06/2020 23:41:00,33.91191,33.9968,33.80583
09/06/2020 23:42:00,33.91572,33.99103,33.80126
09/06/2020 23:43:00,33.90751,33.99293,33.77317
09/06/2020 23:44:00,33.91215,33.99615,33.80379
09/06/2020 23:45:00,33.90924,33.99131,33.78172
09/06/2020 23:46:00,33.89766,33.98606,33.79438
09/06/2020 23:47:00,33.86663,33.98819,33.7957
09/06/2020 23:48:00,33.85003,33.95393,33.72877
09/06/2020 23:49:00,33.83669,33.93294,33.72881
09/06/2020 23:50:00,33.83084,33.95759,33.71028
09/06/2020 23:51:00,33.82283,33.89919,33.71648
09/06/2020 23:52:00,33.84082,33.90351,33.76823
09/06/2020 23:53:00,33.84047,33.92157,33.77334
09/06/2020 23:54:00,33.85069,33.90027,33.73484
09/06/2020 23:55:00,33.87359,33.90506,33.79852
09/06/2020 23:56:00,33.89526,33.89795,33.81002
09/06/2020 23:57:00,33.90567,33.89811,33.81175
09/06/2020 23:58:00,33.91342,33.90785,33.80161
09/06/2020 23:59:00,33.89626,33.9275,33.80998
10/06/2020 00:00:00,33.89149,33.89788,33.80828
10/06/2020 00:01:00,33.8677,33.89793,33.79532
10/06/2020 00:02:00,33.85796,33.89795,33.80712
10/06/2020 00:03:00,33.86076,33.87984,33.76716
10/06/2020 00:04:00,33.89378,33.89791,33.72201
10/06/2020 00:05:00,33.87466,33.88277,33.72306
10/06/2020 00:06:00,33.86859,33.8818,33.71115
10/06/2020 00:07:00,33.88403,33.86334,33.68397
10/06/2020 00:08:00,33.91084,33.86317,33.7157
10/06/2020 00:09:00,33.94943,33.86821,33.71333
10/06/2020 00:10:00,33.99049,33.8831,33.70973
10/06/2020 00:11:00,34.02376,33.89753,33.71029
10/06/2020 00:12:00,34.05559,33.90436,33.73836
10/06/2020 00:13:00,34.07059,33.97936,33.79842
10/06/2020 00:14:00,34.07694,33.99598,33.80968
10/06/2020 00:15:00,34.07507,33.99583,33.80947
10/06/2020 00:16:00,34.06977,33.98117,33.82491
10/06/2020 00:17:00,34.0723,33.99711,33.80941
10/06/2020 00:18:00,34.08126,33.99583,33.83751
10/06/2020 00:19:00,34.09324,33.99575,33.83486
10/06/2020 00:20:00,34.12202,33.99557,33.83611
10/06/2020 00:21:00,34.12347,34.03757,33.88514
10/06/2020 00:22:00,34.09184,34.04556,33.87358
10/06/2020 00:23:00,34.08782,33.99897,33.86217
10/06/2020 00:24:00,34.06124,34.00571,33.81983
10/06/2020 00:25:00,34.02758,33.99585,33.80693
10/06/2020 00:26:00,34.01487,33.99571,33.80985
10/06/2020 00:27:00,34.01049,33.99559,33.81004
10/06/2020 00:28:00,34.00465,33.99538,33.78495
10/06/2020 00:29:00,33.99453,33.94597,33.80335
10/06/2020 00:30:00,33.98127,33.90542,33.79206
10/06/2020 00:31:00,33.97598,33.90684,33.73843
10/06/2020 00:32:00,34.00373,33.89708,33.77337
10/06/2020 00:33:00,33.99447,33.90406,33.78851
10/06/2020 00:34:00,33.96975,33.89709,33.75307
10/06/2020 00:35:00,33.94004,33.89778,33.7447
10/06/2020 00:36:00,33.90227,33.89789,33.70931
10/06/2020 00:37:00,33.84296,33.89828,33.6938
10/06/2020 00:38:00,33.80945,33.81536,33.66713
10/06/2020 00:39:00,33.77132,33.82566,33.60973
10/06/2020 00:40:00,33.76053,33.79931,33.60834
10/06/2020 00:41:00,33.74764,33.77923,33.59362
10/06/2020 00:42:00,33.73645,33.73446,33.5659
10/06/2020 00:43:00,33.73362,33.7548,33.53112
10/06/2020 00:44:00,33.72733,33.74353,33.51791
10/06/2020 00:45:00,33.72622,33.69737,33.51272
10/06/2020 00:46:00,33.73565,33.70781,33.52102
10/06/2020 00:47:00,33.74012,33.70105,33.52764
10/06/2020 00:48:00,33.73966,33.69749,33.50937
10/06/2020 00:49:00,33.73367,33.69814,33.50955
10/06/2020 00:50:00,33.71751,33.69816,33.50937
10/06/2020 00:51:00,33.70514,33.69788,33.50969
10/06/2020 00:52:00,33.67628,33.69855,33.50953
10/06/2020 00:53:00,33.64454,33.69813,33.5098
10/06/2020 00:54:00,33.62786,33.68905,33.48968
10/06/2020 00:55:00,33.61275,33.65449,33.49304
10/06/2020 00:56:00,33.60236,33.64533,33.43056
10/06/2020 00:57:00,33.59163,33.61391,33.42157
10/06/2020 00:58:00,33.57359,33.59862,33.40981
10/06/2020 00:59:00,33.56972,33.59802,33.41001
10/06/2020 01:00:00,33.554,33.59308,33.41008
10/06/2020 01:01:00,33.54421,33.59273,33.4101
10/06/2020 01:02:00,33.53257,33.59245,33.40924
10/06/2020 01:03:00,33.54065,33.59297,33.3835
10/06/2020 01:04:00,33.54148,33.59206,33.34847
10/06/2020 01:05:00,33.54718,33.59212,33.39176
10/06/2020 01:06:00,33.54109,33.59275,33.37874
10/06/2020 01:07:00,33.54428,33.58875,33.36912
10/06/2020 01:08:00,33.54224,33.59293,33.35409
10/06/2020 01:09:00,33.54095,33.57909,33.34755
10/06/2020 01:10:00,33.53743,33.59175,33.3675
10/06/2020 01:11:00,33.52433,33.57701,33.38733
10/06/2020 01:12:00,33.51876,33.57485,33.38222
10/06/2020 01:13:00,33.52118,33.56096,33.37703
10/06/2020 01:14:00,33.51429,33.5586,33.35516
10/06/2020 01:15:00,33.50251,33.55842,33.34075
10/06/2020 01:16:00,33.49513,33.51874,33.31611
10/06/2020 01:17:00,33.47775,33.51497,33.31072
10/06/2020 01:18:00,33.4604,33.51653,33.3041
10/06/2020 01:19:00,33.44825,33.5048,33.26473
10/06/2020 01:20:00,33.44481,33.49419,33.30415
10/06/2020 01:21:00,33.4376,33.49027,33.30104
10/06/2020 01:22:00,33.42122,33.49048,33.24089
10/06/2020 01:23:00,33.4129,33.47484,33.24256
10/06/2020 01:24:00,33.40054,33.4649,33.21049
10/06/2020 01:25:00,33.38318,33.39812,33.2096
10/06/2020 01:26:00,33.3703,33.39513,33.21342
10/06/2020 01:27:00,33.35714,33.39299,33.20399
10/06/2020 01:28:00,33.35853,33.39286,33.16726
10/06/2020 01:29:00,33.37388,33.39268,33.16416
10/06/2020 01:30:00,33.42986,33.36827,33.21022
10/06/2020 01:31:00,33.42547,33.39256,33.21033
10/06/2020 01:32:00,33.41646,33.39268,33.18977
10/06/2020 01:33:00,33.40485,33.39293,33.20357
10/06/2020 01:34:00,33.37692,33.37959,33.19514
10/06/2020 01:35:00,33.35285,33.3329,33.20572
10/06/2020 01:36:00,33.32481,33.31807,33.13662
10/06/2020 01:37:00,33.29871,33.31669,33.1137
10/06/2020 01:38:00,33.28217,33.29342,33.11024
10/06/2020 01:39:00,33.26563,33.29332,33.10976
10/06/2020 01:40:00,33.24334,33.27525,33.08622
10/06/2020 01:41:00,33.23114,33.27674,33.03734
10/06/2020 01:42:00,33.23174,33.2566,33.00868
10/06/2020 01:43:00,33.21732,33.23793,33.02224
10/06/2020 01:44:00,33.19379,33.19246,33.01068
10/06/2020 01:45:00,33.15314,33.19168,33.0092
10/06/2020 01:46:00,33.13047,33.19184,32.9792
10/06/2020 01:47:00,33.08912,33.17182,32.94874
10/06/2020 01:48:00,33.06591,33.11926,32.90965
10/06/2020 01:49:00,33.04096,33.09287,32.87597
10/06/2020 01:50:00,33.03689,33.07976,32.83969
10/06/2020 01:51:00,33.03425,33.04824,32.81397
10/06/2020 01:52:00,33.05298,33.02659,32.81225
10/06/2020 01:53:00,33.08257,33.03809,32.81218
10/06/2020 01:54:00,33.13002,33.06997,32.82703
10/06/2020 01:55:00,33.15904,33.0676,32.84753
10/06/2020 01:56:00,33.16718,33.09328,32.90408
10/06/2020 01:57:00,33.13235,33.09251,32.90755
10/06/2020 01:58:00,33.11422,33.09555,32.90932
10/06/2020 01:59:00,33.12947,33.09264,32.88297
10/06/2020 02:00:00,33.13594,33.09253,32.89475
10/06/2020 02:01:00,33.14732,33.10283,32.90255
10/06/2020 02:02:00,33.15982,33.09236,32.91255
10/06/2020 02:03:00,33.18246,33.11412,32.90876
10/06/2020 02:04:00,33.17989,33.10966,32.90989
10/06/2020 02:05:00,33.15035,33.09352,32.90895
10/06/2020 02:06:00,33.14983,33.11261,32.90911
10/06/2020 02:07:00,33.17112,33.09682,32.90888
10/06/2020 02:08:00,33.16384,33.15046,32.91243
10/06/2020 02:09:00,33.13783,33.108,32.91429
10/06/2020 02:10:00,33.13481,33.10476,32.90902
10/06/2020 02:11:00,33.12322,33.09791,32.9108
10/06/2020 02:12:00,33.11662,33.12094,32.90955
10/06/2020 02:13:00,33.11965,33.11968,32.90921
10/06/2020 02:14:00,33.13267,33.0998,32.92614
10/06/2020 02:15:00,33.13022,33.09457,32.90952
10/06/2020 02:16:00,33.13079,33.0981,32.90944
10/06/2020 02:17:00,33.10155,33.11517,32.91077
10/06/2020 02:18:00,33.04723,33.09257,32.90324
10/06/2020 02:19:00,33.04647,33.09313,32.90752
10/06/2020 02:20:00,33.03117,33.06821,32.84931
10/06/2020 02:21:00,32.98847,33.00832,32.81065
10/06/2020 02:22:00,32.96623,33.0178,32.81154
10/06/2020 02:23:00,32.96463,32.99951,32.79785
10/06/2020 02:24:00,32.96865,32.97796,32.75719
10/06/2020 02:25:00,32.96361,32.98993,32.73926
10/06/2020 02:26:00,32.95742,32.9574,32.71637
10/06/2020 02:27:00,32.93492,32.93053,32.71526
10/06/2020 02:28:00,32.92919,32.91703,32.7107
10/06/2020 02:29:00,32.93131,32.89177,32.70504
10/06/2020 02:30:00,32.93843,32.89231,32.70004
10/06/2020 02:31:00,32.94242,32.89208,32.71368
10/06/2020 02:32:00,32.91539,32.89181,32.69718
10/06/2020 02:33:00,32.89767,32.88847,32.69278
10/06/2020 02:34:00,32.89322,32.88441,32.69327
10/06/2020 02:35:00,32.87758,32.88779,32.69149
10/06/2020 02:36:00,32.84486,32.86932,32.71047
10/06/2020 02:37:00,32.82905,32.82905,32.67174
10/06/2020 02:38:00,32.81817,32.81057,32.65939
10/06/2020 02:39:00,32.80889,32.79218,32.61753
10/06/2020 02:40:00,32.81089,32.79921,32.61939
10/06/2020 02:41:00,32.8122,32.82924,32.61224
10/06/2020 02:42:00,32.82482,32.84088,32.61442
10/06/2020 02:43:00,32.84601,32.79887,32.6165
10/06/2020 02:44:00,32.86598,32.82029,32.613
10/06/2020 02:45:00,32.86962,32.82728,32.61287
10/06/2020 02:46:00,32.87885,32.87082,32.65367
10/06/2020 02:47:00,32.88165,32.87417,32.67686
10/06/2020 02:48:00,32.8998,32.8439,32.71107
10/06/2020 02:49:00,32.89454,32.85913,32.69231
10/06/2020 02:50:00,32.88402,32.88972,32.70704
10/06/2020 02:51:00,32.87016,32.88098,32.70707
10/06/2020 02:52:00,32.85154,32.89115,32.68388
10/06/2020 02:53:00,32.80824,32.85612,32.70007
10/06/2020 02:54:00,32.78219,32.86101,32.6145
10/06/2020 02:55:00,32.76133,32.79004,32.62638
10/06/2020 02:56:00,32.75273,32.79022,32.61282
10/06/2020 02:57:00,32.80273,32.78948,32.6073
10/06/2020 02:58:00,32.83266,32.78999,32.61236
10/06/2020 02:59:00,32.8297,32.78429,32.61229
10/06/2020 03:00:00,32.82913,32.75507,32.61172
10/06/2020 03:01:00,32.78274,32.76489,32.61031
10/06/2020 03:02:00,32.76112,32.77806,32.58988
10/06/2020 03:03:00,32.73541,32.7797,32.51176
10/06/2020 03:04:00,32.71322,32.74989,32.52441
10/06/2020 03:05:00,32.69472,32.70499,32.50888
10/06/2020 03:06:00,32.68075,32.74277,32.50895
10/06/2020 03:07:00,32.65871,32.68975,32.50561
10/06/2020 03:08:00,32.64857,32.68934,32.5041
10/06/2020 03:09:00,32.63773,32.68958,32.50895
10/06/2020 03:10:00,32.6101,32.6894,32.49943
10/06/2020 03:11:00,32.58252,32.67617,32.45995
10/06/2020 03:12:00,32.57177,32.61635,32.41072
10/06/2020 03:13:00,32.56407,32.61962,32.40792
10/06/2020 03:14:00,32.5781,32.59168,32.39656
10/06/2020 03:15:00,32.59835,32.59156,32.39162
10/06/2020 03:16:00,32.61708,32.58786,32.38858
10/06/2020 03:17:00,32.60402,32.58777,32.40587
10/06/2020 03:18:00,32.60857,32.59153,32.39735
10/06/2020 03:19:00,32.61921,32.56662,32.38612
10/06/2020 03:20:00,32.59239,32.5907,32.37594
10/06/2020 03:21:00,32.57739,32.58323,32.40551
10/06/2020 03:22:00,32.5706,32.53797,32.36531
10/06/2020 03:23:00,32.56968,32.58867,32.38055
10/06/2020 03:24:00,32.56945,32.57059,32.37099
10/06/2020 03:25:00,32.56357,32.59012,32.3959
10/06/2020 03:26:00,32.53674,32.58767,32.39599
10/06/2020 03:27:00,32.52651,32.59032,32.3498
10/06/2020 03:28:00,32.56851,32.57903,32.35263
10/06/2020 03:29:00,32.59341,32.57901,32.40523
10/06/2020 03:30:00,32.58206,32.59094,32.4088
10/06/2020 03:31:00,32.57353,32.59101,32.40412
10/06/2020 03:32:00,32.57507,32.59136,32.38579
10/06/2020 03:33:00,32.56042,32.59102,32.4074
10/06/2020 03:34:00,32.56265,32.58085,32.40422
10/06/2020 03:35:00,32.55897,32.58738,32.38123
10/06/2020 03:36:00,32.54018,32.5904,32.40369
10/06/2020 03:37:00,32.51914,32.59027,32.3834
10/06/2020 03:38:00,32.49352,32.5892,32.36869
10/06/2020 03:39:00,32.48778,32.57051,32.31392
10/06/2020 03:40:00,32.47581,32.54745,32.30891
10/06/2020 03:41:00,32.46834,32.5775,32.31405
10/06/2020 03:42:00,32.46585,32.53681,32.30931
10/06/2020 03:43:00,32.46061,32.53954,32.30944
10/06/2020 03:44:00,32.45084,32.56197,32.30969
10/06/2020 03:45:00,32.44835,32.48941,32.30946
10/06/2020 03:46:00,32.45036,32.51976,32.28383
10/06/2020 03:47:00,32.44024,32.50737,32.31163
10/06/2020 03:48:00,32.43081,32.54473,32.28697
10/06/2020 03:49:00,32.40407,32.48925,32.26665
10/06/2020 03:50:00,32.38491,32.48914,32.24837
10/06/2020 03:51:00,32.42099,32.48948,32.23859
10/06/2020 03:52:00,32.44593,32.48944,32.26249
10/06/2020 03:53:00,32.42054,32.47615,32.29605
10/06/2020 03:54:00,32.42271,32.48214,32.22184
10/06/2020 03:55:00,32.43297,32.4868,32.28167
10/06/2020 03:56:00,32.42451,32.42575,32.26365
10/06/2020 03:57:00,32.4211,32.42091,32.26374
10/06/2020 03:58:00,32.4395,32.41736,32.21387
10/06/2020 03:59:00,32.45536,32.41099,32.26058
10/06/2020 04:00:00,32.45087,32.43163,32.26873
10/06/2020 04:01:00,32.45013,32.41716,32.27222
10/06/2020 04:02:00,32.45103,32.4189,32.25224
10/06/2020 04:03:00,32.43404,32.41219,32.2882
10/06/2020 04:04:00,32.40416,32.41699,32.25953
10/06/2020 04:05:00,32.386,32.40254,32.27348
10/06/2020 04:06:00,32.36771,32.39949,32.26458
10/06/2020 04:07:00,32.32391,32.40257,32.22939
10/06/2020 04:08:00,32.28999,32.3913,32.20317
10/06/2020 04:09:00,32.26882,32.3786,32.18919
10/06/2020 04:10:00,32.26485,32.36713,32.20707
10/06/2020 04:11:00,32.26137,32.30698,32.20331
10/06/2020 04:12:00,32.25099,32.33326,32.1587
10/06/2020 04:13:00,32.25507,32.29453,32.17873
10/06/2020 04:14:00,32.23133,32.2945,32.2121
10/06/2020 04:15:00,32.14909,32.29394,32.13952
10/06/2020 04:16:00,32.08299,32.21668,32.11332
10/06/2020 04:17:00,32.04327,32.19272,32.05068
10/06/2020 04:18:00,32.0192,32.17277,32.01165
10/06/2020 04:19:00,32.01758,32.09923,32.01151
10/06/2020 04:20:00,32.01625,32.11458,32.00664
10/06/2020 04:21:00,32.02023,32.09262,31.99689
10/06/2020 04:22:00,32.01976,32.09346,32.01007
10/06/2020 04:23:00,32.03579,32.09281,31.96594
10/06/2020 04:24:00,32.03594,32.09291,31.97383
10/06/2020 04:25:00,32.09808,32.09307,31.98355
10/06/2020 04:26:00,32.16117,32.09247,32.01461
10/06/2020 04:27:00,32.16551,32.09224,32.02334
10/06/2020 04:28:00,32.20007,32.10558,32.04834
10/06/2020 04:29:00,32.21309,32.17405,32.03691
10/06/2020 04:30:00,32.20639,32.15203,32.06903
10/06/2020 04:31:00,32.23262,32.15932,32.14237
10/06/2020 04:32:00,32.23943,32.18646,32.144
10/06/2020 04:33:00,32.24932,32.19246,32.17561
10/06/2020 04:34:00,32.25086,32.19245,32.13955
10/06/2020 04:35:00,32.24509,32.19181,32.19552
10/06/2020 04:36:00,32.23766,32.19193,32.22283
10/06/2020 04:37:00,32.23209,32.19228,32.27542
10/06/2020 04:38:00,32.23167,32.19221,32.15749
10/06/2020 04:39:00,32.21211,32.19188,32.19059
10/06/2020 04:40:00,32.2127,32.19172,32.20057
10/06/2020 04:41:00,32.19005,32.19143,32.13441
10/06/2020 04:42:00,32.20373,32.19136,32.18733
10/06/2020 04:43:00,32.20004,32.18602,32.21227
10/06/2020 04:44:00,32.19466,32.17773,32.19041
10/06/2020 04:45:00,32.18559,32.1417,32.25523
10/06/2020 04:46:00,32.18075,32.18994,32.17734
10/06/2020 04:47:00,32.18125,32.17716,32.19609
10/06/2020 04:48:00,32.19303,32.14224,32.13157
10/06/2020 04:49:00,32.17701,32.19184,32.19426
10/06/2020 04:50:00,32.14346,32.19247,32.17709
10/06/2020 04:51:00,32.16401,32.19257,32.16087
10/06/2020 04:52:00,32.2391,32.17365,32.18828
10/06/2020 04:53:00,32.21536,32.18872,32.2358
10/06/2020 04:54:00,32.19273,32.19184,32.16774
10/06/2020 04:55:00,32.18592,32.19141,32.13229
10/06/2020 04:56:00,32.19956,32.19206,32.19016
10/06/2020 04:57:00,32.22738,32.19175,32.24883
10/06/2020 04:58:00,32.24504,32.19204,32.16102
10/06/2020 04:59:00,32.26112,32.19199,32.19653
10/06/2020 05:00:00,32.27831,32.19155,32.22144
10/06/2020 05:01:00,32.25689,32.21035,32.2347
10/06/2020 05:02:00,32.25239,32.20884,32.28019
10/06/2020 05:03:00,32.24273,32.19707,32.24944
10/06/2020 05:04:00,32.21688,32.19161,32.30133
10/06/2020 05:05:00,32.17545,32.19493,32.2871
10/06/2020 05:06:00,32.14035,32.19165,32.2007
10/06/2020 05:07:00,32.1456,32.19196,32.19394
10/06/2020 05:08:00,32.12866,32.15383,32.12455
10/06/2020 05:09:00,32.13233,32.17242,32.13647
10/06/2020 05:10:00,32.1415,32.1671,32.11987
10/06/2020 05:11:00,32.1473,32.132,32.09454
10/06/2020 05:12:00,32.15237,32.14277,32.11092
10/06/2020 05:13:00,32.16133,32.12704,32.1124
10/06/2020 05:14:00,32.18068,32.14701,32.13763
10/06/2020 05:15:00,32.20074,32.14705,32.1722
10/06/2020 05:16:00,32.19563,32.16903,32.14237
10/06/2020 05:17:00,32.16466,32.17659,32.14062
10/06/2020 05:18:00,32.13504,32.14748,32.1236
10/06/2020 05:19:00,32.11808,32.16717,32.10931
10/06/2020 05:20:00,32.08961,32.11393,32.11078
10/06/2020 05:21:00,32.05799,32.12488,32.0518
10/06/2020 05:22:00,32.01383,32.09506,32.03692
10/06/2020 05:23:00,31.98418,32.09203,32.0537
10/06/2020 05:24:00,31.97171,32.07728,32.02046
10/06/2020 05:25:00,31.95574,32.0357,32.00687
10/06/2020 05:26:00,31.96226,31.99307,31.97433
10/06/2020 05:27:00,31.96674,31.99293,31.96452
10/06/2020 05:28:00,31.96618,31.99318,31.9512
10/06/2020 05:29:00,31.95318,31.99262,31.9272
10/06/2020 05:30:00,31.94508,31.99285,31.90699
10/06/2020 05:31:00,31.931,31.9926,31.95151
10/06/2020 05:32:00,31.91443,31.99261,31.95076
10/06/2020 05:33:00,31.89906,31.9924,31.9506
10/06/2020 05:34:00,31.87788,31.99235,31.92121
10/06/2020 05:35:00,31.87686,31.91463,31.8361
10/06/2020 05:36:00,31.86731,31.91695,31.90151
10/06/2020 05:37:00,31.85449,31.89589,31.87266
10/06/2020 05:38:00,31.85757,31.91496,31.83761
10/06/2020 05:39:00,31.85103,31.89599,31.81875
10/06/2020 05:40:00,31.8507,31.8912,31.80536
10/06/2020 05:41:00,31.84699,31.89153,31.83938
10/06/2020 05:42:00,31.84023,31.88259,31.80167
10/06/2020 05:43:00,31.84768,31.89108,31.79122
10/06/2020 05:44:00,31.8871,31.85807,31.87902
10/06/2020 05:45:00,31.95362,31.89115,31.91315
10/06/2020 05:46:00,31.99085,31.89095,31.90265
10/06/2020 05:47:00,31.9986,31.95865,31.94377
10/06/2020 05:48:00,32.00676,31.94649,31.84923
10/06/2020 05:49:00,32.0292,31.97722,31.84811
10/06/2020 05:50:00,32.05888,31.99194,31.90139
10/06/2020 05:51:00,32.03822,31.99198,31.97198
10/06/2020 05:52:00,32.03169,31.99182,31.84533
10/06/2020 05:53:00,32.04244,31.9919,31.90224
10/06/2020 05:54:00,32.05075,31.99364,31.67859
10/06/2020 05:55:00,32.0492,31.9927,31.69412
10/06/2020 05:56:00,32.03707,31.99279,32.03383
10/06/2020 05:57:00,32.0118,32.01098,31.94267
10/06/2020 05:58:00,32.02921,31.99301,31.93227
10/06/2020 05:59:00,32.04977,31.99287,31.90512
10/06/2020 06:00:00,32.02973,31.99464,31.90835
10/06/2020 06:01:00,32.01018,31.99289,31.9019
10/06/2020 06:02:00,32.0038,32.01605,31.8261
10/06/2020 06:03:00,31.99136,32.01234,31.84313
10/06/2020 06:04:00,32.03013,32.00737,31.80752
10/06/2020 06:05:00,32.06504,31.99421,31.8019
10/06/2020 06:06:00,32.08443,32.02348,31.84005
10/06/2020 06:07:00,32.11637,32.07595,31.89789
10/06/2020 06:08:00,32.13811,32.07402,31.90863
10/06/2020 06:09:00,32.16827,32.09414,31.90725
10/06/2020 06:10:00,32.15907,32.10055,31.92499
10/06/2020 06:11:00,32.18723,32.12902,31.9585
10/06/2020 06:12:00,32.21215,32.16966,31.97498
10/06/2020 06:13:00,32.25723,32.18914,32.00283
10/06/2020 06:14:00,32.26651,32.19082,32.006
10/06/2020 06:15:00,32.27391,32.21308,32.01164
10/06/2020 06:16:00,32.29353,32.25664,32.07252
10/06/2020 06:17:00,32.33928,32.30583,32.10876
10/06/2020 06:18:00,32.39642,32.38936,32.12411
10/06/2020 06:19:00,32.43794,32.44176,32.19597
10/06/2020 06:20:00,32.47943,32.48347,32.20876
10/06/2020 06:21:00,32.56307,32.48733,32.25492
10/06/2020 06:22:00,32.6447,32.57536,32.34114
10/06/2020 06:23:00,32.71498,32.64907,32.40727
10/06/2020 06:24:00,32.68893,32.71008,32.46843
10/06/2020 06:25:00,32.61161,32.69047,32.42342
10/06/2020 06:26:00,32.58845,32.68513,32.4249
10/06/2020 06:27:00,32.59001,32.6711,32.40638
10/06/2020 06:28:00,32.5906,32.6711,32.40733
10/06/2020 06:29:00,32.60197,32.65695,32.40691
10/06/2020 06:30:00,32.59887,32.64833,32.40428
10/06/2020 06:31:00,32.59957,32.66985,32.40712
10/06/2020 06:32:00,32.60591,32.62086,32.39753
10/06/2020 06:33:00,32.64502,32.6597,32.40997
10/06/2020 06:34:00,32.66094,32.68769,32.40821
10/06/2020 06:35:00,32.66765,32.6873,32.40777
10/06/2020 06:36:00,32.68363,32.68467,32.40706
10/06/2020 06:37:00,32.69467,32.68818,32.40709
10/06/2020 06:38:00,32.68505,32.68827,32.42414
10/06/2020 06:39:00,32.72004,32.69213,32.42751
10/06/2020 06:40:00,32.76189,32.75183,32.45338
10/06/2020 06:41:00,32.79068,32.78916,32.487
10/06/2020 06:42:00,32.83393,32.79283,32.51014
10/06/2020 06:43:00,32.88434,32.8421,32.54741
10/06/2020 06:44:00,32.94289,32.89428,32.61279
10/06/2020 06:45:00,32.99498,32.9484,32.65598
10/06/2020 06:46:00,33.02443,32.99266,32.71666
10/06/2020 06:47:00,33.06266,33.05691,32.78703
10/06/2020 06:48:00,33.19847,33.10687,32.8655
10/06/2020 06:49:00,33.38276,33.20798,32.96227
10/06/2020 06:50:00,33.53852,33.33797,33.07262
10/06/2020 06:51:00,33.59541,33.44649,33.20721
10/06/2020 06:52:00,33.71852,33.54772,33.31256
10/06/2020 06:53:00,33.75396,33.65151,33.41584
10/06/2020 06:54:00,33.6294,33.69581,33.51087
10/06/2020 06:55:00,33.58438,33.6964,33.51109
10/06/2020 06:56:00,33.61015,33.69661,33.51451
10/06/2020 06:57:00,33.62223,33.70404,33.52983
10/06/2020 06:58:00,33.63908,33.69759,33.52184
10/06/2020 06:59:00,33.63599,33.69758,33.5121
10/06/2020 07:00:00,33.61598,33.6979,33.49539
10/06/2020 07:01:00,33.64384,33.69613,33.52938
10/06/2020 07:02:00,33.59858,33.72884,33.53114
10/06/2020 07:03:00,33.53633,33.69501,33.49986
10/06/2020 07:04:00,33.48965,33.64593,33.44024
10/06/2020 07:05:00,33.48665,33.59469,33.42012
10/06/2020 07:06:00,33.50387,33.58351,33.39178
10/06/2020 07:07:00,33.50467,33.57799,33.3871
10/06/2020 07:08:00,33.51446,33.54741,33.39898
10/06/2020 07:09:00,33.54456,33.5818,33.37898
10/06/2020 07:10:00,33.59796,33.5885,33.41174
10/06/2020 07:11:00,33.67103,33.66361,33.44542
10/06/2020 07:12:00,33.77288,33.73258,33.54637
10/06/2020 07:13:00,33.76562,33.76342,33.6373
10/06/2020 07:14:00,33.86424,33.79847,33.81284
10/06/2020 07:15:00,33.88668,33.8485,34.03147
10/06/2020 07:16:00,33.8022,33.81708,34.16825
10/06/2020 07:17:00,33.83344,33.88215,34.09685
10/06/2020 07:18:00,33.83876,33.96566,33.11905
10/06/2020 07:19:00,33.81392,33.91805,33.20152
10/06/2020 07:20:00,33.80009,33.89849,33.40207
10/06/2020 07:21:00,33.83276,33.89814,33.49296
10/06/2020 07:22:00,33.84372,33.89852,33.50689
10/06/2020 07:23:00,33.85715,33.89727,33.45625
10/06/2020 07:24:00,33.89685,33.90058,33.51686
10/06/2020 07:25:00,33.9219,33.97118,33.54981
10/06/2020 07:26:00,33.96723,33.92749,33.56658
10/06/2020 07:27:00,34.01158,33.9771,33.58123
10/06/2020 07:28:00,34.05462,33.99783,33.63648
10/06/2020 07:29:00,34.10929,34.09234,33.63694
10/06/2020 07:30:00,34.13054,34.098,33.68404
10/06/2020 07:31:00,34.15002,34.12019,33.62455
10/06/2020 07:32:00,34.20818,34.17044,33.72135
10/06/2020 07:33:00,34.17766,34.19892,33.77181
10/06/2020 07:34:00,34.25263,34.21242,33.76812
10/06/2020 07:35:00,34.4326,34.29781,33.86309
10/06/2020 07:36:00,34.4556,34.34428,33.91973
10/06/2020 07:37:00,34.48686,34.4053,33.95387
10/06/2020 07:38:00,34.51473,34.49763,34.06131
10/06/2020 07:39:00,34.48455,34.49983,34.09366
10/06/2020 07:40:00,34.55451,34.51836,34.12744
10/06/2020 07:41:00,34.67485,34.58239,34.2137
10/06/2020 07:42:00,34.69718,34.59906,34.24546
10/06/2020 07:43:00,34.68825,34.64136,34.22084
10/06/2020 07:44:00,34.79296,34.67666,34.28638
10/06/2020 07:45:00,34.73526,34.72763,34.313
10/06/2020 07:46:00,34.62399,34.70028,34.24451
10/06/2020 07:47:00,34.54076,34.67305,34.2345
10/06/2020 07:48:00,34.46754,34.64248,34.19259
10/06/2020 07:49:00,34.45523,34.58704,34.11618
10/06/2020 07:50:00,34.45385,34.58565,34.09752
10/06/2020 07:51:00,34.50058,34.56099,34.10432
10/06/2020 07:52:00,34.55988,34.56929,34.14752
10/06/2020 07:53:00,34.51373,34.59846,34.14701
10/06/2020 07:54:00,34.57962,34.58384,34.10032
10/06/2020 07:55:00,34.61274,34.59994,34.16062
10/06/2020 07:56:00,34.65057,34.61868,34.22573
10/06/2020 07:57:00,34.60088,34.61359,34.23932
10/06/2020 07:58:00,34.55119,34.63744,34.20925
10/06/2020 07:59:00,34.55213,34.60656,34.21434
10/06/2020 08:00:00,34.68326,34.62855,34.24805
10/06/2020 08:01:00,34.9071,34.71326,34.3561
10/06/2020 08:02:00,35.01286,34.85336,34.45541
10/06/2020 08:03:00,34.96612,34.90027,34.50309
10/06/2020 08:04:00,34.85376,34.9,34.5146
10/06/2020 08:05:00,34.8321,34.90014,34.51348
10/06/2020 08:06:00,34.76511,34.83252,34.49639
10/06/2020 08:07:00,34.67852,34.80241,34.44599
10/06/2020 08:08:00,34.85048,34.82613,34.43899
10/06/2020 08:09:00,34.98828,34.90046,34.56538
10/06/2020 08:10:00,34.93248,34.95697,34.60409
10/06/2020 08:11:00,35.0764,35.00907,34.67555
10/06/2020 08:12:00,35.293,35.12069,34.79688
10/06/2020 08:13:00,35.40657,35.2771,34.97089
10/06/2020 08:14:00,35.40253,35.37729,35.09814
10/06/2020 08:15:00,35.25896,35.40301,35.08233
10/06/2020 08:16:00,35.09218,35.3125,34.97557
10/06/2020 08:17:00,35.17023,35.22377,34.94181
10/06/2020 08:18:00,35.24766,35.20355,34.95162
10/06/2020 08:19:00,35.40976,35.27422,35.02154
10/06/2020 08:20:00,35.37885,35.39111,35.10653
10/06/2020 08:21:00,35.33487,35.41476,35.09037
10/06/2020 08:22:00,35.18994,35.37736,35.02009
10/06/2020 08:23:00,35.15016,35.31963,34.96693
10/06/2020 08:24:00,35.09629,35.29959,34.92021
10/06/2020 08:25:00,35.06564,35.21412,34.91835
10/06/2020 08:26:00,35.03008,35.20363,34.90876
10/06/2020 08:27:00,35.13369,35.20341,34.90861
10/06/2020 08:28:00,35.24168,35.20328,34.89629
10/06/2020 08:29:00,35.40716,35.26202,34.97117
10/06/2020 08:30:00,35.42293,35.38144,35.06679
10/06/2020 08:31:00,35.46075,35.4492,35.11781
10/06/2020 08:32:00,35.41753,35.50714,35.11628
10/06/2020 08:33:00,35.44136,35.50707,35.11839
10/06/2020 08:34:00,35.58158,35.57191,35.21877
10/06/2020 08:35:00,35.54976,35.6093,35.22475
10/06/2020 08:36:00,35.5401,35.60899,35.228
10/06/2020 08:37:00,35.64122,35.63261,35.22476
10/06/2020 08:38:00,35.62159,35.67078,35.25103
10/06/2020 08:39:00,35.53317,35.61428,35.21295
10/06/2020 08:40:00,35.39029,35.59379,35.10023
10/06/2020 08:41:00,35.29623,35.48044,35.06713
10/06/2020 08:42:00,35.45984,35.40923,35.09803
10/06/2020 08:43:00,35.6487,35.53141,35.18181
10/06/2020 08:44:00,35.76262,35.61439,35.26123
10/06/2020 08:45:00,35.89843,35.76985,35.38422
10/06/2020 08:46:00,35.89002,35.87872,35.49736
10/06/2020 08:47:00,35.71515,35.90737,35.44328
10/06/2020 08:48:00,35.71792,35.89073,35.41553
10/06/2020 08:49:00,35.64692,35.82214,35.32118
10/06/2020 08:50:00,35.67255,35.80388,35.31245
10/06/2020 08:51:00,35.66607,35.77166,35.26612
10/06/2020 08:52:00,35.66458,35.74794,35.26596
10/06/2020 08:53:00,35.68311,35.71094,35.28338
10/06/2020 08:54:00,35.70675,35.74794,35.31956
10/06/2020 08:55:00,35.82721,35.81526,35.36786
10/06/2020 08:56:00,36.06094,35.93034,35.48595
10/06/2020 08:57:00,36.14057,36.09631,35.61593
10/06/2020 08:58:00,36.11779,36.20938,35.72891
10/06/2020 08:59:00,36.25797,36.30306,35.82286
10/06/2020 09:00:00,36.64794,36.50051,36.01061
10/06/2020 09:01:00,36.66199,36.74305,36.14748
10/06/2020 09:02:00,36.51529,36.81425,36.21072
10/06/2020 09:03:00,36.55992,36.81097,36.22496
10/06/2020 09:04:00,36.44098,36.76954,36.20495
10/06/2020 09:05:00,36.24781,36.68485,36.0943
10/06/2020 09:06:00,36.1462,36.61057,36.0104
10/06/2020 09:07:00,36.1744,36.5327,35.93652
10/06/2020 09:08:00,36.14257,36.49086,35.92957
10/06/2020 09:09:00,36.11623,36.41241,35.83391
10/06/2020 09:10:00,36.16877,36.40879,35.81081
10/06/2020 09:11:00,36.22463,36.43749,35.88128
10/06/2020 09:12:00,36.19955,36.42977,35.85456
10/06/2020 09:13:00,36.06769,36.36422,35.74829
10/06/2020 09:14:00,35.94082,36.18924,35.66619
10/06/2020 09:15:00,35.90551,36.09902,35.60836
10/06/2020 09:16:00,36.06742,36.07567,35.61455
10/06/2020 09:17:00,36.41416,36.1441,35.72436
10/06/2020 09:18:00,36.77509,36.3946,35.99932
10/06/2020 09:19:00,36.83973,36.64708,36.19886
10/06/2020 09:20:00,36.78739,36.81536,36.30486
10/06/2020 09:21:00,36.9351,36.96691,36.40735
10/06/2020 09:22:00,36.94753,37.07641,36.51702
10/06/2020 09:23:00,36.78009,37.05529,36.50758
10/06/2020 09:24:00,36.59467,36.93771,36.40128
10/06/2020 09:25:00,36.50574,36.81374,36.28669
10/06/2020 09:26:00,36.57728,36.77843,36.216
10/06/2020 09:27:00,36.73082,36.80857,36.31099
10/06/2020 09:28:00,36.70315,36.81529,36.31754
10/06/2020 09:29:00,36.60793,36.81025,36.24181
10/06/2020 09:30:00,36.56808,36.74303,36.21453
10/06/2020 09:31:00,36.59129,36.79842,36.22412
10/06/2020 09:32:00,36.74127,36.82508,36.31487
10/06/2020 09:33:00,36.72058,36.86016,36.32338
10/06/2020 09:34:00,36.72905,36.90476,36.35983
10/06/2020 09:35:00,36.84646,36.88995,36.4441
10/06/2020 09:36:00,36.88445,36.92643,36.51844
10/06/2020 09:37:00,36.99385,37.01383,36.59694
10/06/2020 09:38:00,37.11488,37.0204,36.64667
10/06/2020 09:39:00,37.33183,37.12509,36.81778
10/06/2020 09:40:00,37.49691,37.25743,36.9859
10/06/2020 09:41:00,37.60011,37.34513,37.14766
10/06/2020 09:42:00,37.73733,37.54319,37.37947
10/06/2020 09:43:00,37.33329,37.56391,37.40837
10/06/2020 09:44:00,37.00527,37.3576,37.14464
10/06/2020 09:45:00,37.04374,37.31364,36.92549
10/06/2020 09:46:00,37.28659,37.33207,36.96633
10/06/2020 09:47:00,37.39383,37.46354,37.0177
10/06/2020 09:48:00,37.38841,37.50887,37.01838
10/06/2020 09:49:00,37.47607,37.53667,37.02986
10/06/2020 09:50:00,37.63176,37.64175,37.13097
10/06/2020 09:51:00,37.51862,37.65183,37.11548
10/06/2020 09:52:00,37.5117,37.67547,37.1188
10/06/2020 09:53:00,37.43327,37.66023,37.11885
10/06/2020 09:54:00,37.32421,37.58631,37.11881
10/06/2020 09:55:00,37.35421,37.56671,37.08018
10/06/2020 09:56:00,37.64724,37.5949,37.1549
10/06/2020 09:57:00,37.66637,37.6733,37.30827
10/06/2020 09:58:00,37.5469,37.68336,37.32392
10/06/2020 09:59:00,37.47643,37.68734,37.30534
10/06/2020 10:00:00,37.36455,37.6124,37.25556
10/06/2020 10:01:00,37.56964,37.61287,37.27339
10/06/2020 10:02:00,37.68024,37.69819,37.40947
10/06/2020 10:03:00,37.70972,37.74811,37.47951
10/06/2020 10:04:00,37.93043,37.8823,37.64021
10/06/2020 10:05:00,38.04847,38.03872,37.66584
10/06/2020 10:06:00,38.10774,38.12635,37.68046
10/06/2020 10:07:00,38.19973,38.18416,37.79293
10/06/2020 10:08:00,38.01698,38.20825,37.79695
10/06/2020 10:09:00,37.71541,38.1344,37.62385
10/06/2020 10:10:00,37.81543,38.05439,37.53473
10/06/2020 10:11:00,37.62475,37.98076,37.48775
10/06/2020 10:12:00,37.58274,37.85526,37.36861
10/06/2020 10:13:00,37.65999,37.81282,37.36358
10/06/2020 10:14:00,37.79909,37.81527,37.38257
10/06/2020 10:15:00,38.0014,37.92843,37.54237
10/06/2020 10:16:00,38.29467,38.06685,37.6913
10/06/2020 10:17:00,38.12129,38.18351,37.81755
10/06/2020 10:18:00,37.81967,38.12553,37.74497
10/06/2020 10:19:00,37.94411,38.06786,37.6458
10/06/2020 10:20:00,38.09745,38.08597,37.62591
10/06/2020 10:21:00,38.30259,38.14444,37.712
