,Rel. Hum.,Rel.Hum2.,Rel. Hum 1,
09/06/2020 13:00:00,34.19916,34.18499,33.7183
09/06/2020 13:01:00,32.95593,33.99522,33.74595
09/06/2020 13:02:00,32.75623,33.72515,33.50395
09/06/2020 13:03:00,31.94128,33.32187,33.34215
09/06/2020 13:04:00,31.69138,32.80555,32.66502
09/06/2020 13:05:00,31.85395,32.66627,32.91371
09/06/2020 13:06:00,32.34881,32.64611,32.62516
09/06/2020 13:07:00,32.52925,33.00531,32.76818
09/06/2020 13:08:00,32.06349,32.70652,32.62667
09/06/2020 13:09:00,32.10846,32.20064,31.93052
09/06/2020 13:10:00,32.64937,33.02398,32.61835
09/06/2020 13:11:00,32.59899,32.86599,32.71825
09/06/2020 13:12:00,32.9738,32.99,32.86821
09/06/2020 13:13:00,32.32197,32.99468,32.93079
09/06/2020 13:14:00,32.32413,32.48759,32.48088
09/06/2020 13:15:00,31.98014,32.31102,32.34175
09/06/2020 13:16:00,32.21706,32.61427,32.59993
09/06/2020 13:17:00,31.39735,32.38998,32.60854
09/06/2020 13:18:00,30.77646,31.78247,31.93386
09/06/2020 13:19:00,30.50897,31.40682,31.73278
09/06/2020 13:20:00,31.02058,31.20122,31.21999
09/06/2020 13:21:00,31.14375,31.59726,31.59928
09/06/2020 13:22:00,30.2092,31.24145,31.41044
09/06/2020 13:23:00,30.78789,30.86897,30.93186
09/06/2020 13:24:00,31.21718,31.21633,31.04269
09/06/2020 13:25:00,31.1719,31.64557,31.49911
09/06/2020 13:26:00,31.01034,31.61443,31.50278
09/06/2020 13:27:00,31.36484,31.66595,31.53671
09/06/2020 13:28:00,31.01437,31.62831,31.64178
09/06/2020 13:29:00,31.454,31.64735,31.5041
09/06/2020 13:30:00,31.53933,31.83627,31.76979
09/06/2020 13:31:00,31.78832,31.94226,31.68493
09/06/2020 13:32:00,31.77068,32.0464,31.83885
09/06/2020 13:33:00,31.38699,32.26021,32.15636
09/06/2020 13:34:00,30.79606,31.70098,31.68591
09/06/2020 13:35:00,30.37985,31.19046,31.37232
09/06/2020 13:36:00,31.08838,30.84147,30.81457
09/06/2020 13:37:00,32.23921,31.88113,31.60685
09/06/2020 13:38:00,31.70377,32.01128,31.83679
09/06/2020 13:39:00,31.82667,31.84115,31.73558
09/06/2020 13:40:00,32.22523,32.20943,32.02388
09/06/2020 13:41:00,32.28357,32.4105,32.20541
09/06/2020 13:42:00,31.31532,32.09119,32.13084
09/06/2020 13:43:00,31.55029,32.31418,32.35682
09/06/2020 13:44:00,31.23804,32.25057,32.38063
09/06/2020 13:45:00,30.84208,31.69608,31.83945
09/06/2020 13:46:00,31.11174,31.82364,31.91738
09/06/2020 13:47:00,31.30552,31.43618,31.56022
09/06/2020 13:48:00,31.65123,31.80427,31.52093
09/06/2020 13:49:00,31.85624,32.14306,31.59319
09/06/2020 13:50:00,32.30752,32.74873,32.2266
09/06/2020 13:51:00,31.59278,32.36598,32.0658
09/06/2020 13:52:00,32.1445,31.99999,31.99484
09/06/2020 13:53:00,32.67455,32.47823,32.48994
09/06/2020 13:54:00,33.15733,32.76464,32.6839
09/06/2020 13:55:00,33.56536,33.45113,33.29596
09/06/2020 13:56:00,33.88948,33.89162,33.84864
09/06/2020 13:57:00,33.8756,34.1241,34.06362
09/06/2020 13:58:00,33.09514,33.3914,33.45387
09/06/2020 13:59:00,33.14506,33.36184,33.4644
09/06/2020 14:00:00,33.27211,33.14991,33.19893
09/06/2020 14:01:00,33.86012,33.52131,33.57093
09/06/2020 14:02:00,33.50861,34.00508,33.98946
09/06/2020 14:03:00,33.42419,33.87019,34.0661
09/06/2020 14:04:00,32.85257,33.57317,33.75828
09/06/2020 14:05:00,32.78868,33.44864,33.60213
09/06/2020 14:06:00,32.99762,32.98985,32.89329
09/06/2020 14:07:00,33.08172,33.31483,33.10126
09/06/2020 14:08:00,32.14756,33.24702,33.14723
09/06/2020 14:09:00,30.8472,32.40403,32.47133
09/06/2020 14:10:00,31.61803,31.67515,31.5453
09/06/2020 14:11:00,32.56333,32.18108,31.87898
09/06/2020 14:12:00,32.65312,32.76629,32.48891
09/06/2020 14:13:00,32.32811,32.71975,32.59364
09/06/2020 14:14:00,32.27311,32.29544,32.38916
09/06/2020 14:15:00,32.13133,32.6352,32.65038
09/06/2020 14:16:00,31.99567,32.65172,32.72034
09/06/2020 14:17:00,29.61961,30.71328,31.10562
09/06/2020 14:18:00,29.34586,28.70713,29.22205
09/06/2020 14:19:00,29.0367,28.90774,29.57953
09/06/2020 14:20:00,28.72051,28.67061,29.22626
09/06/2020 14:21:00,29.32895,28.90813,29.32371
09/06/2020 14:22:00,29.14093,28.79183,29.34512
09/06/2020 14:23:00,28.81467,28.819,29.48208
09/06/2020 14:24:00,27.54439,28.16452,28.54698
09/06/2020 14:25:00,28.60426,28.29636,28.10023
09/06/2020 14:26:00,28.78184,28.88315,28.74209
09/06/2020 14:27:00,28.66346,28.82033,28.67398
09/06/2020 14:28:00,29.22888,28.81933,28.9984
09/06/2020 14:29:00,29.12985,28.93364,29.35057
09/06/2020 14:30:00,28.35166,28.83644,29.18642
09/06/2020 14:31:00,27.63958,28.77041,28.96387
09/06/2020 14:32:00,27.90441,28.61992,28.53185
09/06/2020 14:33:00,28.35632,28.59394,28.23746
09/06/2020 14:34:00,27.94373,28.58821,28.17486
09/06/2020 14:35:00,28.76156,28.53058,28.31469
09/06/2020 14:36:00,28.55619,28.71403,28.67362
09/06/2020 14:37:00,28.08827,28.69151,28.68705
09/06/2020 14:38:00,28.47427,28.81233,28.68383
09/06/2020 14:39:00,28.80917,28.82795,29.00536
09/06/2020 14:40:00,29.08902,28.80078,29.15804
09/06/2020 14:41:00,29.06281,28.79281,29.07921
09/06/2020 14:42:00,29.12932,28.98324,29.24254
09/06/2020 14:43:00,28.97871,28.98839,29.22157
09/06/2020 14:44:00,29.30396,28.86995,29.17978
09/06/2020 14:45:00,29.69324,28.9236,29.34736
09/06/2020 14:46:00,29.89454,29.05581,29.53705
09/06/2020 14:47:00,30.18505,29.60262,30.01722
09/06/2020 14:48:00,30.12717,29.91334,30.18882
09/06/2020 14:49:00,29.39425,29.32261,29.801
09/06/2020 14:50:00,29.49754,28.74295,29.3137
09/06/2020 14:51:00,29.71866,29.006,29.53631
09/06/2020 14:52:00,29.79356,29.30321,29.83721
09/06/2020 14:53:00,29.70745,29.50972,30.03861
09/06/2020 14:54:00,29.74469,29.41467,29.87394
09/06/2020 14:55:00,29.99885,29.66049,30.11415
09/06/2020 14:56:00,29.8253,29.37716,29.79466
09/06/2020 14:57:00,30.01092,29.66629,30.05364
09/06/2020 14:58:00,29.44588,29.57277,30.05567
09/06/2020 14:59:00,28.75908,29.16766,29.76611
09/06/2020 15:00:00,28.92496,28.77276,29.48927
09/06/2020 15:01:00,29.43274,29.07154,29.53448
09/06/2020 15:02:00,29.34582,29.00295,29.47875
09/06/2020 15:03:00,29.38161,28.81937,29.42196
09/06/2020 15:04:00,29.76269,29.02877,29.43109
09/06/2020 15:05:00,30.45674,29.79916,30.12214
09/06/2020 15:06:00,30.49789,30.07494,30.24176
09/06/2020 15:07:00,30.4052,30.10168,30.29745
09/06/2020 15:08:00,30.05904,30.00537,30.28724
09/06/2020 15:09:00,30.10796,29.70303,30.05264
09/06/2020 15:10:00,29.47454,29.61378,30.07698
09/06/2020 15:11:00,29.11067,29.12914,29.74588
09/06/2020 15:12:00,28.82185,28.89402,29.41693
09/06/2020 15:13:00,29.52912,29.03422,29.42551
09/06/2020 15:14:00,29.34114,29.14203,29.48914
09/06/2020 15:15:00,29.66134,29.13578,29.44427
09/06/2020 15:16:00,30.1615,29.59412,29.84227
09/06/2020 15:17:00,29.34179,29.364,29.75611
09/06/2020 15:18:00,28.96772,28.82114,29.41789
09/06/2020 15:19:00,29.03819,28.76995,29.20205
09/06/2020 15:20:00,29.17822,28.7825,29.24239
09/06/2020 15:21:00,28.90617,28.87403,29.24932
09/06/2020 15:22:00,28.67921,28.86102,28.89648
09/06/2020 15:23:00,28.55453,28.84943,28.80076
09/06/2020 15:24:00,29.4074,28.83914,28.83225
09/06/2020 15:25:00,29.97558,29.11118,29.4382
09/06/2020 15:26:00,29.66858,29.29337,29.69361
09/06/2020 15:27:00,29.72654,29.49582,29.87995
09/06/2020 15:28:00,29.46384,29.21186,29.65462
09/06/2020 15:29:00,29.58727,29.24887,29.6035
09/06/2020 15:30:00,29.94737,29.48403,29.62692
09/06/2020 15:31:00,29.99457,29.89063,29.93746
09/06/2020 15:32:00,30.2233,30.03295,30.11415
09/06/2020 15:33:00,30.29317,30.06837,30.21016
09/06/2020 15:34:00,29.95727,29.73828,30.06375
09/06/2020 15:35:00,29.63303,29.72746,30.03896
09/06/2020 15:36:00,29.42942,29.01622,29.37806
09/06/2020 15:37:00,29.73315,29.43891,29.69686
09/06/2020 15:38:00,29.80168,29.77448,29.90203
09/06/2020 15:39:00,29.59237,29.4925,29.7735
09/06/2020 15:40:00,29.38307,29.14511,29.6007
09/06/2020 15:41:00,29.48283,29.14813,29.59052
09/06/2020 15:42:00,30.49756,29.77722,29.87319
09/06/2020 15:43:00,31.0201,30.60319,30.4284
09/06/2020 15:44:00,30.49662,30.68351,30.56364
09/06/2020 15:45:00,29.84846,29.93263,30.1265
09/06/2020 15:46:00,30.32266,29.56871,29.85075
09/06/2020 15:47:00,30.36333,29.67315,29.94442
09/06/2020 15:48:00,30.18068,29.919,30.15731
09/06/2020 15:49:00,29.76953,29.68107,30.05244
09/06/2020 15:50:00,29.55091,29.25607,29.76516
09/06/2020 15:51:00,29.89115,29.54379,29.98382
09/06/2020 15:52:00,30.33058,29.9276,30.21907
09/06/2020 15:53:00,31.30923,30.41101,30.53805
09/06/2020 15:54:00,31.53858,31.08871,31.06853
09/06/2020 15:55:00,31.34141,31.2332,31.28685
09/06/2020 15:56:00,31.2685,31.0728,31.17589
09/06/2020 15:57:00,31.47484,31.14353,31.3007
09/06/2020 15:58:00,31.15561,31.18615,31.43506
09/06/2020 15:59:00,30.93415,30.78689,31.14103
09/06/2020 16:00:00,30.49149,30.4664,30.84849
09/06/2020 16:01:00,30.66066,30.14019,30.51357
09/06/2020 16:02:00,30.55367,30.27351,30.63392
09/06/2020 16:03:00,30.60437,30.27605,30.60365
09/06/2020 16:04:00,30.27742,29.77779,30.26296
09/06/2020 16:05:00,30.44133,29.88973,30.24484
09/06/2020 16:06:00,30.27297,29.98449,30.27793
09/06/2020 16:07:00,30.58885,30.0949,30.32248
09/06/2020 16:08:00,30.1354,30.04176,30.3532
09/06/2020 16:09:00,29.44694,29.18912,29.72402
09/06/2020 16:10:00,29.92869,29.44768,29.78563
09/06/2020 16:11:00,29.92528,29.42091,29.72624
09/06/2020 16:12:00,29.95373,29.25158,29.64726
09/06/2020 16:13:00,29.81033,29.43892,29.76557
09/06/2020 16:14:00,29.76441,29.08209,29.53835
09/06/2020 16:15:00,30.01513,29.11625,29.62525
09/06/2020 16:16:00,30.39344,29.44821,29.87179
09/06/2020 16:17:00,30.46558,29.91284,30.22512
09/06/2020 16:18:00,30.23215,29.88365,30.22664
09/06/2020 16:19:00,29.86816,29.70683,30.15281
09/06/2020 16:20:00,29.95667,29.38009,29.80662
09/06/2020 16:21:00,30.17784,29.38439,29.7986
09/06/2020 16:22:00,29.46553,28.79575,29.35298
09/06/2020 16:23:00,30.01205,29.2879,29.68008
09/06/2020 16:24:00,30.0828,29.6173,30.01451
09/06/2020 16:25:00,30.17777,29.7972,30.18335
09/06/2020 16:26:00,30.00826,29.85126,30.23118
09/06/2020 16:27:00,29.85106,29.44037,29.91159
09/06/2020 16:28:00,30.05747,29.33117,29.75056
09/06/2020 16:29:00,29.95293,29.43447,29.84041
09/06/2020 16:30:00,29.64584,29.18043,29.70709
09/06/2020 16:31:00,29.29589,28.58115,29.27414
09/06/2020 16:32:00,29.19081,28.49704,29.11545
09/06/2020 16:33:00,29.05941,28.45239,29.11107
09/06/2020 16:34:00,29.21294,28.63674,29.34171
09/06/2020 16:35:00,29.51704,28.91411,29.45588
09/06/2020 16:36:00,30.43875,29.42838,29.85136
09/06/2020 16:37:00,30.70793,29.95547,30.26825
09/06/2020 16:38:00,31.07919,30.39348,30.64779
09/06/2020 16:39:00,31.28264,30.69387,30.94175
09/06/2020 16:40:00,31.23022,30.76644,31.00842
09/06/2020 16:41:00,31.49169,30.99765,31.25602
09/06/2020 16:42:00,31.70526,31.19794,31.42831
09/06/2020 16:43:00,31.73968,31.33041,31.54766
09/06/2020 16:44:00,31.53927,31.21136,31.49285
09/06/2020 16:45:00,31.64153,31.22629,31.46168
09/06/2020 16:46:00,31.62497,31.2882,31.46159
09/06/2020 16:47:00,31.45188,31.37383,31.4994
09/06/2020 16:48:00,31.13202,31.14799,31.33085
09/06/2020 16:49:00,31.35019,31.09992,31.25983
09/06/2020 16:50:00,30.92101,31.10395,31.31321
09/06/2020 16:51:00,30.20028,30.4034,30.69552
09/06/2020 16:52:00,30.59054,29.98466,30.34962
09/06/2020 16:53:00,31.1041,30.68607,30.81326
09/06/2020 16:54:00,30.3671,30.20121,30.42893
09/06/2020 16:55:00,30.62596,29.88723,30.18759
09/06/2020 16:56:00,30.20827,29.89884,30.24692
09/06/2020 16:57:00,30.18904,29.76207,30.17721
09/06/2020 16:58:00,29.99687,29.4503,29.79733
09/06/2020 16:59:00,30.51081,29.7295,30.02627
09/06/2020 17:00:00,30.34896,29.82795,30.18101
09/06/2020 17:01:00,29.95033,29.48861,29.88874
09/06/2020 17:02:00,30.04977,29.32715,29.72193
09/06/2020 17:03:00,30.2309,29.50837,29.85656
09/06/2020 17:04:00,29.68952,29.42709,29.95408
09/06/2020 17:05:00,29.26419,29.07106,29.6361
09/06/2020 17:06:00,29.15758,28.50515,29.24065
09/06/2020 17:07:00,29.21655,28.49659,29.0704
09/06/2020 17:08:00,29.72629,28.60143,29.1054
09/06/2020 17:09:00,29.77885,29.3112,29.6413
09/06/2020 17:10:00,29.36714,28.70807,29.27715
09/06/2020 17:11:00,29.32065,28.47447,29.05637
09/06/2020 17:12:00,29.28309,28.39764,29.00489
09/06/2020 17:13:00,29.34864,28.42113,29.14931
09/06/2020 17:14:00,29.53,28.5044,29.0968
09/06/2020 17:15:00,29.47716,28.52652,29.15896
09/06/2020 17:16:00,29.44282,28.86026,29.32034
09/06/2020 17:17:00,29.18543,28.6652,29.31401
09/06/2020 17:18:00,29.55432,28.56091,29.26715
09/06/2020 17:19:00,29.74367,28.72919,29.33375
09/06/2020 17:20:00,29.63025,28.88964,29.48781
09/06/2020 17:21:00,29.44315,28.59825,29.27259
09/06/2020 17:22:00,29.93265,28.95981,29.37986
09/06/2020 17:23:00,30.10873,29.33117,29.69263
09/06/2020 17:24:00,30.2416,29.56288,29.93073
09/06/2020 17:25:00,29.87361,29.50915,29.89904
09/06/2020 17:26:00,29.95792,29.36719,29.73091
09/06/2020 17:27:00,30.34958,29.50397,29.8597
09/06/2020 17:28:00,29.94651,29.37692,29.785
09/06/2020 17:29:00,29.84483,29.08117,29.49456
09/06/2020 17:30:00,29.9926,29.40625,29.7045
09/06/2020 17:31:00,30.0032,29.58395,29.92553
09/06/2020 17:32:00,29.99212,29.43139,29.76391
09/06/2020 17:33:00,30.2144,29.5545,29.94259
09/06/2020 17:34:00,30.47795,29.7128,30.07499
09/06/2020 17:35:00,30.25131,29.54269,29.91601
09/06/2020 17:36:00,30.80708,29.75652,29.97795
09/06/2020 17:37:00,31.15192,30.32577,30.37591
09/06/2020 17:38:00,31.09745,30.55793,30.66216
09/06/2020 17:39:00,31.07862,30.69946,30.74739
09/06/2020 17:40:00,30.97942,30.6416,30.84453
09/06/2020 17:41:00,30.94522,30.64124,30.85922
09/06/2020 17:42:00,30.85841,30.62945,30.84472
09/06/2020 17:43:00,30.48186,30.26178,30.56737
09/06/2020 17:44:00,30.5901,30.03487,30.31809
09/06/2020 17:45:00,30.9947,30.42225,30.59061
09/06/2020 17:46:00,31.18786,30.59815,30.72273
09/06/2020 17:47:00,31.56199,30.82533,30.92248
09/06/2020 17:48:00,32.17507,31.27884,31.3435
09/06/2020 17:49:00,32.45221,31.74537,31.71725
09/06/2020 17:50:00,32.42553,31.84318,31.91345
09/06/2020 17:51:00,32.56248,31.93287,31.9435
09/06/2020 17:52:00,32.65059,32.10423,32.14608
09/06/2020 17:53:00,32.57802,32.09998,32.17131
09/06/2020 17:54:00,32.48281,31.93016,31.97879
09/06/2020 17:55:00,32.57262,32.00679,32.11492
09/06/2020 17:56:00,32.55283,32.1147,32.21474
09/06/2020 17:57:00,32.48435,32.07162,32.24312
09/06/2020 17:58:00,32.64432,32.20202,32.40361
09/06/2020 17:59:00,32.62801,32.33722,32.51466
09/06/2020 18:00:00,32.64315,32.39803,32.57417
09/06/2020 18:01:00,32.63664,32.38339,32.5369
09/06/2020 18:02:00,32.75876,32.36548,32.50932
09/06/2020 18:03:00,33.06404,32.5597,32.57556
09/06/2020 18:04:00,33.19859,32.85675,32.79181
09/06/2020 18:05:00,33.41936,32.82524,32.85377
09/06/2020 18:06:00,33.64121,32.97158,32.94976
09/06/2020 18:07:00,33.50906,32.86727,32.86963
09/06/2020 18:08:00,33.41376,32.78279,32.81097
09/06/2020 18:09:00,33.28819,32.86417,32.92974
09/06/2020 18:10:00,33.25371,32.68337,32.73912
09/06/2020 18:11:00,33.43275,32.98621,32.99633
09/06/2020 18:12:00,33.34734,32.82486,32.89214
09/06/2020 18:13:00,33.28754,32.86893,32.90985
09/06/2020 18:14:00,33.03828,32.69421,32.81552
09/06/2020 18:15:00,33.17918,32.73177,32.81152
09/06/2020 18:16:00,33.25157,32.62816,32.69014
09/06/2020 18:17:00,33.31343,32.76523,32.82092
09/06/2020 18:18:00,33.10897,32.62693,32.75706
09/06/2020 18:19:00,33.1455,32.70913,32.82749
09/06/2020 18:20:00,33.03469,32.4849,32.61309
09/06/2020 18:21:00,33.46916,32.65395,32.80293
09/06/2020 18:22:00,33.61083,32.98646,33.07545
09/06/2020 18:23:00,33.3217,32.84227,32.96281
09/06/2020 18:24:00,33.36694,32.84259,32.97566
09/06/2020 18:25:00,33.20901,32.75633,32.88943
09/06/2020 18:26:00,33.30206,32.79178,32.94127
09/06/2020 18:27:00,33.5111,32.94808,33.08154
09/06/2020 18:28:00,33.33638,32.89897,33.02739
09/06/2020 18:29:00,33.2212,32.77785,32.93482
09/06/2020 18:30:00,33.29331,32.84186,32.97203
09/06/2020 18:31:00,33.30306,32.8204,32.96585
09/06/2020 18:32:00,33.32626,32.7099,32.82714
09/06/2020 18:33:00,33.50346,32.85207,32.97048
09/06/2020 18:34:00,33.81886,33.12121,33.21352
09/06/2020 18:35:00,33.85254,33.22169,33.32701
09/06/2020 18:36:00,33.92389,33.27496,33.37548
09/06/2020 18:37:00,34.01386,33.4489,33.56404
09/06/2020 18:38:00,34.01649,33.37514,33.54581
09/06/2020 18:39:00,34.25326,33.47989,33.68929
09/06/2020 18:40:00,34.57426,33.8131,33.94753
09/06/2020 18:41:00,34.6138,34.00399,34.12492
09/06/2020 18:42:00,34.5189,33.91572,34.08224
09/06/2020 18:43:00,34.50183,33.86523,34.03642
09/06/2020 18:44:00,34.5269,33.88382,34.08889
09/06/2020 18:45:00,34.3192,33.68804,33.91029
09/06/2020 18:46:00,34.32939,33.65493,33.84986
09/06/2020 18:47:00,34.50603,33.85746,34.04889
09/06/2020 18:48:00,34.66993,34.02847,34.16085
09/06/2020 18:49:00,34.74525,34.06937,34.22417
09/06/2020 18:50:00,34.93287,34.23523,34.41824
09/06/2020 18:51:00,34.93277,34.28458,34.4858
09/06/2020 18:52:00,34.89254,34.24941,34.43831
09/06/2020 18:53:00,35.05841,34.29103,34.49738
09/06/2020 18:54:00,35.15977,34.47843,34.67091
09/06/2020 18:55:00,35.10422,34.42837,34.63332
09/06/2020 18:56:00,35.31324,34.64638,34.83287
09/06/2020 18:57:00,35.32851,34.71842,34.82475
09/06/2020 18:58:00,35.3361,34.68491,34.85522
09/06/2020 18:59:00,35.44433,34.80162,34.89852
09/06/2020 19:00:00,35.56726,34.89381,34.92723
09/06/2020 19:01:00,35.61792,35.00489,35.1087
09/06/2020 19:02:00,35.56812,34.93007,35.03913
09/06/2020 19:03:00,35.71421,35.01207,35.10775
09/06/2020 19:04:00,35.82349,35.153,35.26637
09/06/2020 19:05:00,35.89193,35.23434,35.31976
09/06/2020 19:06:00,35.89618,35.25452,35.36164
09/06/2020 19:07:00,35.88053,35.21479,35.36142
09/06/2020 19:08:00,36.00507,35.33125,35.4788
09/06/2020 19:09:00,35.96777,35.36082,35.47685
09/06/2020 19:10:00,36.00324,35.34591,35.51827
09/06/2020 19:11:00,36.16593,35.5171,35.62262
09/06/2020 19:12:00,36.04731,35.40786,35.52321
09/06/2020 19:13:00,36.09896,35.44872,35.59776
09/06/2020 19:14:00,36.17105,35.52425,35.67532
09/06/2020 19:15:00,36.36034,35.73039,35.88734
09/06/2020 19:16:00,36.51913,35.88776,36.00563
09/06/2020 19:17:00,36.47659,35.89115,36.0359
09/06/2020 19:18:00,36.49961,35.843,36.05761
09/06/2020 19:19:00,36.61256,35.93225,36.05941
09/06/2020 19:20:00,36.67371,36.04479,36.14614
09/06/2020 19:21:00,36.81948,36.1171,36.19349
09/06/2020 19:22:00,36.91838,36.2619,36.26671
09/06/2020 19:23:00,37.00812,36.3654,36.33972
09/06/2020 19:24:00,36.96502,36.36042,36.36127
09/06/2020 19:25:00,37.06952,36.47359,36.48308
09/06/2020 19:26:00,37.00817,36.41755,36.407
09/06/2020 19:27:00,37.12558,36.53865,36.56039
09/06/2020 19:28:00,37.08357,36.50033,36.52626
09/06/2020 19:29:00,37.12157,36.53888,36.56013
09/06/2020 19:30:00,37.2214,36.584,36.59857
09/06/2020 19:31:00,37.20537,36.59376,36.63042
09/06/2020 19:32:00,37.20343,36.66271,36.71799
09/06/2020 19:33:00,37.28462,36.73703,36.79512
09/06/2020 19:34:00,37.32235,36.71154,36.8197
09/06/2020 19:35:00,37.43361,36.7947,36.89732
09/06/2020 19:36:00,37.5456,36.94228,36.99979
09/06/2020 19:37:00,37.71617,37.08656,37.12752
09/06/2020 19:38:00,37.69719,37.12349,37.15891
09/06/2020 19:39:00,37.73675,37.19857,37.13406
09/06/2020 19:40:00,37.71355,37.13356,37.15899
09/06/2020 19:41:00,37.90655,37.28689,37.26536
09/06/2020 19:42:00,38.00494,37.33743,37.32847
09/06/2020 19:43:00,38.11433,37.36277,37.35715
09/06/2020 19:44:00,38.27773,37.41942,37.44891
09/06/2020 19:45:00,38.45288,37.62315,37.62093
09/06/2020 19:46:00,38.58448,37.78532,37.81609
09/06/2020 19:47:00,38.58342,37.8811,37.92909
09/06/2020 19:48:00,38.62938,38.00144,38.01466
09/06/2020 19:49:00,38.47573,37.86045,37.92718
09/06/2020 19:50:00,38.7002,37.94708,37.9588
09/06/2020 19:51:00,38.85728,38.12746,38.17659
09/06/2020 19:52:00,38.94852,38.17857,38.23366
09/06/2020 19:53:00,39.15701,38.34265,38.34608
09/06/2020 19:54:00,39.24411,38.50282,38.45488
09/06/2020 19:55:00,39.5134,38.75165,38.6991
09/06/2020 19:56:00,39.67096,38.93441,38.86896
09/06/2020 19:57:00,39.42073,38.67766,38.68116
09/06/2020 19:58:00,39.93089,39.13491,39.00605
09/06/2020 19:59:00,39.30828,38.69617,38.72847
09/06/2020 20:00:00,39.04067,38.33289,38.3862
09/06/2020 20:01:00,39.06802,38.36137,38.40601
09/06/2020 20:02:00,39.06,38.42855,38.43728
09/06/2020 20:03:00,39.19352,38.45969,38.53608
09/06/2020 20:04:00,39.51996,38.86971,38.83434
09/06/2020 20:05:00,39.7764,39.04279,39.04735
09/06/2020 20:06:00,39.47803,38.82566,38.79826
09/06/2020 20:07:00,39.97884,39.31842,39.22323
09/06/2020 20:08:00,40.32785,39.41978,39.36444
09/06/2020 20:09:00,40.89745,39.96609,39.70684
09/06/2020 20:10:00,40.84811,40.20267,39.828
09/06/2020 20:11:00,40.90694,39.99951,39.69051
09/06/2020 20:12:00,41.45983,40.66328,40.3
09/06/2020 20:13:00,41.09301,40.38901,40.10436
09/06/2020 20:14:00,40.67714,40.00776,39.62977
09/06/2020 20:15:00,41.00551,40.326,39.9516
09/06/2020 20:16:00,41.0099,40.39267,40.11925
09/06/2020 20:17:00,41.21486,40.59985,40.28108
09/06/2020 20:18:00,41.24304,40.69437,40.34258
09/06/2020 20:19:00,41.27332,40.74535,40.42871
09/06/2020 20:20:00,41.34605,40.84521,40.47953
09/06/2020 20:21:00,41.34473,40.79803,40.40076
09/06/2020 20:22:00,41.46336,40.88944,40.44198
09/06/2020 20:23:00,41.60174,40.99189,40.56672
09/06/2020 20:24:00,41.80819,41.17871,40.64194
09/06/2020 20:25:00,42.20027,41.39457,40.92564
09/06/2020 20:26:00,42.31124,41.53483,41.06467
09/06/2020 20:27:00,42.26469,41.43224,41.02412
09/06/2020 20:28:00,42.45107,41.68163,41.27866
09/06/2020 20:29:00,42.70061,41.86258,41.48749
09/06/2020 20:30:00,42.73277,41.99277,41.66322
09/06/2020 20:31:00,43.01899,42.17583,41.77221
09/06/2020 20:32:00,43.03027,42.2234,41.74541
09/06/2020 20:33:00,42.94603,42.15313,41.70123
09/06/2020 20:34:00,43.31011,42.43548,42.09037
09/06/2020 20:35:00,43.6151,42.82719,42.42241
09/06/2020 20:36:00,43.40182,42.67748,42.20474
09/06/2020 20:37:00,43.31057,42.56025,42.15894
09/06/2020 20:38:00,43.49496,42.60286,42.22931
09/06/2020 20:39:00,43.54601,42.92189,42.55369
09/06/2020 20:40:00,43.53266,42.79718,42.29934
09/06/2020 20:41:00,43.6483,42.96552,42.3565
09/06/2020 20:42:00,43.65354,42.91988,42.37613
09/06/2020 20:43:00,43.68203,42.97515,42.45256
09/06/2020 20:44:00,43.72231,43.0027,42.51266
09/06/2020 20:45:00,43.85962,43.12867,42.61181
09/06/2020 20:46:00,43.91432,43.17117,42.69417
09/06/2020 20:47:00,44.13501,43.43092,42.88465
09/06/2020 20:48:00,44.08117,43.32513,42.86278
09/06/2020 20:49:00,44.32729,43.47101,42.93827
09/06/2020 20:50:00,44.31731,43.57544,42.93853
09/06/2020 20:51:00,44.22084,43.42167,42.9385
09/06/2020 20:52:00,44.22952,43.49482,42.93518
09/06/2020 20:53:00,44.26712,43.55997,42.96513
09/06/2020 20:54:00,44.24831,43.52859,43.04519
09/06/2020 20:55:00,44.41951,43.63292,43.08493
09/06/2020 20:56:00,44.56438,43.83193,43.13557
09/06/2020 20:57:00,44.48763,43.79662,43.22553
09/06/2020 20:58:00,44.40855,43.63956,43.14108
09/06/2020 20:59:00,44.51934,43.8195,43.2887
09/06/2020 21:00:00,44.60112,43.87033,43.29036
09/06/2020 21:01:00,44.5793,43.94548,43.37022
09/06/2020 21:02:00,44.509,43.75641,43.27266
09/06/2020 21:03:00,44.65292,43.87076,43.29041
09/06/2020 21:04:00,44.86065,44.04411,43.53305
09/06/2020 21:05:00,45.16856,44.34423,43.7726
09/06/2020 21:06:00,45.14204,44.29425,43.74193
09/06/2020 21:07:00,45.37088,44.40498,43.90773
09/06/2020 21:08:00,44.70087,43.91277,43.56189
09/06/2020 21:09:00,44.62181,43.86907,43.48029
09/06/2020 21:10:00,44.62096,43.96059,43.4981
09/06/2020 21:11:00,44.90628,44.2314,43.68612
09/06/2020 21:12:00,44.74425,44.11061,43.66695
09/06/2020 21:13:00,44.6875,44.0868,43.62484
09/06/2020 21:14:00,43.90738,43.37458,43.20587
09/06/2020 21:15:00,42.90148,42.5156,42.44222
09/06/2020 21:16:00,43.12246,42.48837,42.40874
09/06/2020 21:17:00,43.97745,43.28957,42.82173
09/06/2020 21:18:00,44.46809,43.63722,43.25416
09/06/2020 21:19:00,45.03047,44.03838,43.69233
09/06/2020 21:20:00,45.16999,44.38028,43.89631
09/06/2020 21:21:00,45.09422,44.18555,43.83498
09/06/2020 21:22:00,45.78938,44.74139,44.21954
09/06/2020 21:23:00,45.63066,44.65961,44.14551
09/06/2020 21:24:00,45.83048,44.76455,44.34052
09/06/2020 21:25:00,45.70051,44.88566,44.49358
09/06/2020 21:26:00,45.57998,44.62256,44.11269
09/06/2020 21:27:00,45.26373,44.50583,44.07133
09/06/2020 21:28:00,44.56351,44.03658,43.7217
09/06/2020 21:29:00,43.04959,42.74407,42.70969
09/06/2020 21:30:00,43.10839,42.60882,42.54142
09/06/2020 21:31:00,43.20873,42.70491,42.45391
09/06/2020 21:32:00,42.93808,42.42257,42.30991
09/06/2020 21:33:00,43.19679,42.35852,42.24606
09/06/2020 21:34:00,44.76195,43.91184,43.47688
09/06/2020 21:35:00,45.40413,44.57406,44.00353
09/06/2020 21:36:00,44.65622,44.03741,43.75316
09/06/2020 21:37:00,44.11943,43.29159,43.15852
09/06/2020 21:38:00,44.42796,43.52712,43.18921
09/06/2020 21:39:00,45.2582,44.34268,43.93423
09/06/2020 21:40:00,44.68306,43.83759,43.56622
09/06/2020 21:41:00,45.25865,44.42588,43.9848
09/06/2020 21:42:00,45.27254,44.52798,44.03201
09/06/2020 21:43:00,45.30727,44.47172,44.03217
09/06/2020 21:44:00,45.51981,44.69859,44.17221
09/06/2020 21:45:00,45.39516,44.71072,44.20451
09/06/2020 21:46:00,44.03427,43.53142,43.25909
09/06/2020 21:47:00,44.38456,43.68477,43.34607
09/06/2020 21:48:00,44.84431,44.22709,43.834
09/06/2020 21:49:00,43.27299,42.65056,42.6593
09/06/2020 21:50:00,43.45286,42.76826,42.6541
09/06/2020 21:51:00,42.79323,41.95947,42.00865
09/06/2020 21:52:00,42.94079,42.21033,42.13086
09/06/2020 21:53:00,42.50794,41.77796,41.75767
09/06/2020 21:54:00,42.44319,41.59021,41.6769
09/06/2020 21:55:00,43.06992,42.10416,42.00589
09/06/2020 21:56:00,43.04268,42.32423,42.22763
09/06/2020 21:57:00,42.98577,42.22793,42.07931
09/06/2020 21:58:00,42.9916,42.28435,42.126
09/06/2020 21:59:00,42.88209,42.06812,41.94976
09/06/2020 22:00:00,43.19485,42.39312,42.21082
09/06/2020 22:01:00,43.49733,42.64705,42.44937
09/06/2020 22:02:00,43.93281,42.83902,42.83121
09/06/2020 22:03:00,43.53413,42.60508,42.56812
09/06/2020 22:04:00,44.13178,43.12244,42.87333
09/06/2020 22:05:00,44.0667,43.13401,42.93954
09/06/2020 22:06:00,43.25095,42.54271,42.45304
09/06/2020 22:07:00,43.27789,42.54795,42.425
09/06/2020 22:08:00,42.98009,42.25587,42.15237
09/06/2020 22:09:00,42.7914,42.15981,42.0685
09/06/2020 22:10:00,43.06688,42.28154,42.15891
09/06/2020 22:11:00,42.94547,42.1438,42.08692
09/06/2020 22:12:00,42.89929,42.11416,42.0066
09/06/2020 22:13:00,42.8592,42.12245,42.00813
09/06/2020 22:14:00,43.15625,42.35952,42.253
09/06/2020 22:15:00,43.17995,42.3676,42.26279
09/06/2020 22:16:00,42.92006,42.10851,42.12659
09/06/2020 22:17:00,42.88161,42.1093,42.04556
09/06/2020 22:18:00,42.68952,42.01766,41.95697
09/06/2020 22:19:00,42.77971,41.97292,41.88268
09/06/2020 22:20:00,42.80824,42.02728,41.94547
09/06/2020 22:21:00,42.77632,41.95129,41.90916
09/06/2020 22:22:00,43.02024,42.14657,42.01854
09/06/2020 22:23:00,43.73279,42.83641,42.66277
09/06/2020 22:24:00,43.80043,43.00591,42.84301
09/06/2020 22:25:00,43.66643,42.81961,42.70472
09/06/2020 22:26:00,43.84029,42.89484,42.7552
09/06/2020 22:27:00,43.61207,42.69509,42.65558
09/06/2020 22:28:00,43.69653,42.73977,42.64146
09/06/2020 22:29:00,43.91864,42.89823,42.77007
09/06/2020 22:30:00,44.03585,43.06274,42.93577
09/06/2020 22:31:00,44.01759,43.08573,42.9359
09/06/2020 22:32:00,44.57514,43.42684,43.13607
09/06/2020 22:33:00,44.72426,43.82402,43.47438
09/06/2020 22:34:00,44.67133,43.50921,43.31474
09/06/2020 22:35:00,44.68586,43.68418,43.36295
09/06/2020 22:36:00,44.84405,43.75601,43.42913
09/06/2020 22:37:00,45.02922,43.97469,43.72186
09/06/2020 22:38:00,44.13958,43.30436,43.29756
09/06/2020 22:39:00,43.61632,42.69826,42.69279
09/06/2020 22:40:00,43.87105,43.07567,42.778
09/06/2020 22:41:00,44.21718,43.41274,42.9537
09/06/2020 22:42:00,44.24339,43.38286,43.02454
09/06/2020 22:43:00,44.17853,43.33973,43.0969
09/06/2020 22:44:00,44.47392,43.59238,43.35324
09/06/2020 22:45:00,43.80808,43.01213,42.94704
09/06/2020 22:46:00,44.1135,43.2025,43.01787
09/06/2020 22:47:00,43.27085,42.60436,42.63597
09/06/2020 22:48:00,42.75396,42.02988,42.06972
09/06/2020 22:49:00,43.08876,42.37925,42.30149
09/06/2020 22:50:00,43.32765,42.58873,42.49081
09/06/2020 22:51:00,43.29237,42.57935,42.37711
09/06/2020 22:52:00,42.52483,41.97732,42.09033
09/06/2020 22:53:00,41.95057,41.27711,41.39549
09/06/2020 22:54:00,42.63554,41.67046,41.68469
09/06/2020 22:55:00,42.96587,42.0405,42.00671
09/06/2020 22:56:00,42.62694,41.80362,41.81168
09/06/2020 22:57:00,43.00075,42.00373,41.90294
09/06/2020 22:58:00,43.30105,42.25106,42.16781
09/06/2020 22:59:00,43.34452,42.39109,42.29256
09/06/2020 23:00:00,43.29681,42.32253,42.23927
09/06/2020 23:01:00,43.02301,42.00663,42.03184
09/06/2020 23:02:00,42.93163,41.95282,41.96003
09/06/2020 23:03:00,42.21761,41.47855,41.54774
09/06/2020 23:04:00,42.07298,41.19514,41.2442
09/06/2020 23:05:00,42.49267,41.55793,41.60869
09/06/2020 23:06:00,42.16998,41.3239,41.44178
09/06/2020 23:07:00,42.61734,41.65801,41.63033
09/06/2020 23:08:00,42.3603,41.48996,41.52132
09/06/2020 23:09:00,42.51298,41.7533,41.76453
09/06/2020 23:10:00,42.67771,41.68015,41.68077
09/06/2020 23:11:00,43.22168,42.20215,42.12118
09/06/2020 23:12:00,42.98201,42.00166,42.07509
09/06/2020 23:13:00,43.15845,42.16302,42.08427
09/06/2020 23:14:00,42.81853,41.92959,41.8813
09/06/2020 23:15:00,42.51515,41.59385,41.61017
09/06/2020 23:16:00,42.20169,41.28506,41.32054
09/06/2020 23:17:00,42.32755,41.47699,41.40928
09/06/2020 23:18:00,42.13204,41.2903,41.32351
09/06/2020 23:19:00,42.49693,41.30615,41.2978
09/06/2020 23:20:00,43.55755,41.96403,42.24447
09/06/2020 23:21:00,44.80046,43.61,43.33121
09/06/2020 23:22:00,44.44963,43.31586,43.11762
09/06/2020 23:23:00,43.64019,42.69594,42.56443
09/06/2020 23:24:00,44.51012,43.41219,43.09806
09/06/2020 23:25:00,44.1929,43.1512,42.96786
09/06/2020 23:26:00,44.48783,43.36518,43.17691
09/06/2020 23:27:00,44.75793,43.68453,43.30664
09/06/2020 23:28:00,44.75989,43.69457,43.42316
09/06/2020 23:29:00,44.10476,43.20641,42.9515
09/06/2020 23:30:00,43.84177,42.95815,42.73209
09/06/2020 23:31:00,44.24928,43.07619,42.89415
09/06/2020 23:32:00,44.43828,43.38781,43.02684
09/06/2020 23:33:00,45.06726,43.77921,43.55324
09/06/2020 23:34:00,44.75688,43.82676,43.44335
09/06/2020 23:35:00,44.49582,43.23212,43.30199
09/06/2020 23:36:00,45.15166,43.53424,43.74297
09/06/2020 23:37:00,44.79283,43.67665,43.5217
09/06/2020 23:38:00,45.16878,44.06627,43.66335
09/06/2020 23:39:00,45.24852,44.19555,43.7772
09/06/2020 23:40:00,45.50235,44.42908,43.93453
09/06/2020 23:41:00,45.69894,44.55615,44.08076
09/06/2020 23:42:00,45.9362,44.76311,44.31789
09/06/2020 23:43:00,45.71257,44.49803,44.1513
09/06/2020 23:44:00,46.08099,44.95738,44.59666
09/06/2020 23:45:00,46.40747,45.25667,44.65308
09/06/2020 23:46:00,46.31559,45.29386,44.73852
09/06/2020 23:47:00,46.15919,45.10634,44.63123
09/06/2020 23:48:00,45.96544,44.96869,44.36857
09/06/2020 23:49:00,46.02472,44.93354,44.32613
09/06/2020 23:50:00,45.76961,44.84771,44.05495
09/06/2020 23:51:00,45.16732,44.61671,43.72257
09/06/2020 23:52:00,44.94645,44.2277,43.37986
09/06/2020 23:53:00,44.06231,43.18377,42.97725
09/06/2020 23:54:00,44.15099,43.14892,42.97358
09/06/2020 23:55:00,43.94276,43.00526,42.91613
09/06/2020 23:56:00,43.99867,43.00986,42.91621
09/06/2020 23:57:00,44.3223,43.23824,43.09788
09/06/2020 23:58:00,44.69629,43.55403,43.41273
09/06/2020 23:59:00,45.21552,43.95508,43.81576
10/06/2020 00:00:00,45.66662,44.37697,44.09718
10/06/2020 00:01:00,46.38482,44.98866,44.68479
10/06/2020 00:02:00,46.95592,45.69169,45.12997
10/06/2020 00:03:00,46.41621,45.58244,44.93808
10/06/2020 00:04:00,45.85363,44.96746,44.36973
10/06/2020 00:05:00,45.94701,45.07781,44.43019
10/06/2020 00:06:00,45.59057,44.97592,44.44057
10/06/2020 00:07:00,45.26836,44.51284,43.93933
10/06/2020 00:08:00,43.92523,43.4607,43.25947
10/06/2020 00:09:00,43.79815,43.17981,42.97514
10/06/2020 00:10:00,43.43696,42.84352,42.76215
10/06/2020 00:11:00,43.81681,43.15617,43.01156
10/06/2020 00:12:00,43.88137,43.11751,42.93281
10/06/2020 00:13:00,44.64046,43.78727,43.53912
10/06/2020 00:14:00,44.21271,43.59434,43.39655
10/06/2020 00:15:00,44.22546,43.44007,43.22624
10/06/2020 00:16:00,44.08633,43.18149,43.14603
10/06/2020 00:17:00,44.08376,43.36324,43.18578
10/06/2020 00:18:00,43.83785,42.99711,42.91646
10/06/2020 00:19:00,43.90377,43.1883,42.99195
10/06/2020 00:20:00,43.64342,43.00806,42.85931
10/06/2020 00:21:00,44.13688,43.28898,43.14992
10/06/2020 00:22:00,44.12011,43.18412,43.08326
10/06/2020 00:23:00,44.22059,43.36282,43.20795
10/06/2020 00:24:00,45.12559,43.95774,43.5711
10/06/2020 00:25:00,44.53146,43.67175,43.40682
10/06/2020 00:26:00,45.17246,44.08522,43.80531
10/06/2020 00:27:00,45.09938,44.21917,43.88572
10/06/2020 00:28:00,44.93062,43.9836,43.77065
10/06/2020 00:29:00,44.63706,43.6572,43.51522
10/06/2020 00:30:00,44.90422,43.99753,43.6851
10/06/2020 00:31:00,45.03276,44.25922,43.94426
10/06/2020 00:32:00,44.64817,43.87709,43.49546
10/06/2020 00:33:00,45.64617,44.75109,44.19521
10/06/2020 00:34:00,45.76452,44.86165,44.44583
10/06/2020 00:35:00,45.41133,44.54628,44.13368
10/06/2020 00:36:00,45.48143,44.65599,44.218
10/06/2020 00:37:00,45.15358,44.19134,43.82285
10/06/2020 00:38:00,45.36682,44.2738,43.98822
10/06/2020 00:39:00,45.30465,44.40294,43.94404
10/06/2020 00:40:00,45.1566,44.19434,43.87827
10/06/2020 00:41:00,45.12239,44.18155,43.88317
10/06/2020 00:42:00,44.96385,44.03907,43.79643
10/06/2020 00:43:00,45.02147,44.07705,43.85228
10/06/2020 00:44:00,44.9286,44.02543,43.76085
10/06/2020 00:45:00,44.94989,44.05409,43.78659
10/06/2020 00:46:00,45.00904,44.11815,43.85246
10/06/2020 00:47:00,45.03178,44.17497,43.9273
10/06/2020 00:48:00,45.08885,44.18797,43.92732
10/06/2020 00:49:00,45.28477,44.37438,44.02104
10/06/2020 00:50:00,45.55249,44.55346,44.16329
10/06/2020 00:51:00,45.59235,44.68737,44.22047
10/06/2020 00:52:00,45.66139,44.69725,44.28078
10/06/2020 00:53:00,45.84451,44.84398,44.42347
10/06/2020 00:54:00,46.09927,45.03791,44.58534
10/06/2020 00:55:00,46.32546,45.24737,44.78689
10/06/2020 00:56:00,46.31635,45.35094,44.80847
10/06/2020 00:57:00,46.48517,45.42277,44.96528
10/06/2020 00:58:00,46.59296,45.62384,45.00051
10/06/2020 00:59:00,46.74321,45.72868,45.12708
10/06/2020 01:00:00,46.67943,45.74743,45.10714
10/06/2020 01:01:00,46.48521,45.54583,45.04372
10/06/2020 01:02:00,46.51577,45.56555,45.05561
10/06/2020 01:03:00,46.56646,45.636,45.14191
10/06/2020 01:04:00,46.79235,45.71603,45.21401
10/06/2020 01:05:00,46.95886,45.95986,45.50508
10/06/2020 01:06:00,46.97485,45.99566,45.472
10/06/2020 01:07:00,46.90348,45.93551,45.54429
10/06/2020 01:08:00,47.03234,46.04687,45.53925
10/06/2020 01:09:00,46.92582,45.97003,45.54553
10/06/2020 01:10:00,46.98743,46.03478,45.54544
10/06/2020 01:11:00,47.00678,46.06416,45.5604
10/06/2020 01:12:00,47.29839,46.21055,45.65126
10/06/2020 01:13:00,47.50367,46.65035,45.85952
10/06/2020 01:14:00,47.74032,46.85176,46.09512
10/06/2020 01:15:00,47.92094,47.00054,46.26141
10/06/2020 01:16:00,48.04524,47.12842,46.4532
10/06/2020 01:17:00,48.24171,47.27126,46.65553
10/06/2020 01:18:00,48.36535,47.43093,46.7771
10/06/2020 01:19:00,48.59692,47.58654,46.97001
10/06/2020 01:20:00,49.28191,48.29686,47.55322
10/06/2020 01:21:00,49.70844,48.70281,47.97431
10/06/2020 01:22:00,49.90467,48.91917,48.28408
10/06/2020 01:23:00,49.83715,48.90619,48.35481
10/06/2020 01:24:00,50.13287,49.11457,48.5094
10/06/2020 01:25:00,50.45807,49.46338,48.86795
10/06/2020 01:26:00,50.68001,49.79543,49.09495
10/06/2020 01:27:00,51.03207,50.05345,49.4022
10/06/2020 01:28:00,51.18465,50.33879,49.67963
10/06/2020 01:29:00,50.73668,50.09016,49.40363
10/06/2020 01:30:00,50.44718,49.82933,49.16335
10/06/2020 01:31:00,50.56488,49.97783,49.37962
10/06/2020 01:32:00,50.5624,49.91693,49.36491
10/06/2020 01:33:00,50.79437,50.07102,49.50111
10/06/2020 01:34:00,50.81839,50.12556,49.51626
10/06/2020 01:35:00,50.84711,50.00514,49.46651
10/06/2020 01:36:00,51.14521,50.31713,49.72848
10/06/2020 01:37:00,51.20502,50.31884,49.7895
10/06/2020 01:38:00,51.24646,50.38961,49.81876
10/06/2020 01:39:00,51.35015,50.48917,49.91339
10/06/2020 01:40:00,51.56969,50.67467,50.14153
10/06/2020 01:41:00,51.1104,50.32369,49.87886
10/06/2020 01:42:00,51.44382,50.62654,50.14703
10/06/2020 01:43:00,51.49834,50.68526,50.21118
10/06/2020 01:44:00,51.81853,51.00918,50.4588
10/06/2020 01:45:00,51.76518,51.01846,50.51847
10/06/2020 01:46:00,52.00054,51.1437,50.61016
10/06/2020 01:47:00,52.30878,51.41285,50.88667
10/06/2020 01:48:00,52.30016,51.4213,50.909
10/06/2020 01:49:00,52.15825,51.4396,50.8954
10/06/2020 01:50:00,51.9206,51.17768,50.69475
10/06/2020 01:51:00,51.79916,51.12627,50.70869
10/06/2020 01:52:00,51.26513,50.51247,50.26069
10/06/2020 01:53:00,50.59834,50.24746,49.96849
10/06/2020 01:54:00,49.91537,49.41088,49.14164
10/06/2020 01:55:00,49.76419,49.36224,49.01327
10/06/2020 01:56:00,50.48001,49.90266,49.43713
10/06/2020 01:57:00,50.74987,50.0946,49.68778
10/06/2020 01:58:00,50.11086,49.69543,49.38214
10/06/2020 01:59:00,49.42414,48.86274,48.48966
10/06/2020 02:00:00,49.49611,48.89957,48.64275
10/06/2020 02:01:00,49.37521,48.72632,48.46658
10/06/2020 02:02:00,49.24951,48.76653,48.39722
10/06/2020 02:03:00,49.12314,48.51603,48.15342
10/06/2020 02:04:00,49.22268,48.57287,48.26653
10/06/2020 02:05:00,49.28711,48.55458,48.33573
10/06/2020 02:06:00,48.61487,48.01063,47.89427
10/06/2020 02:07:00,48.7126,47.96795,47.8155
10/06/2020 02:08:00,49.10831,48.36726,48.06544
10/06/2020 02:09:00,49.11454,48.38688,48.05772
10/06/2020 02:10:00,49.17609,48.49937,48.12526
10/06/2020 02:11:00,49.07843,48.39081,48.12495
10/06/2020 02:12:00,49.06557,48.34852,48.08456
10/06/2020 02:13:00,49.00568,48.27494,47.95947
10/06/2020 02:14:00,48.92316,48.18512,47.90075
10/06/2020 02:15:00,49.11944,48.38271,48.12483
10/06/2020 02:16:00,49.22459,48.47608,48.114
10/06/2020 02:17:00,50.0474,49.07799,48.59816
10/06/2020 02:18:00,50.20819,49.32741,48.94201
10/06/2020 02:19:00,50.2082,49.27229,48.87793
10/06/2020 02:20:00,50.6512,49.77236,49.34686
10/06/2020 02:21:00,51.01464,50.08022,49.6601
10/06/2020 02:22:00,51.17731,50.24483,49.84619
10/06/2020 02:23:00,51.34274,50.43786,50.10908
10/06/2020 02:24:00,51.09662,50.39673,50.0298
10/06/2020 02:25:00,51.08867,50.32159,49.98164
10/06/2020 02:26:00,51.11275,50.36151,49.84905
10/06/2020 02:27:00,51.35182,50.61447,50.1966
10/06/2020 02:28:00,51.25648,50.53828,50.0807
10/06/2020 02:29:00,51.17199,50.54004,50.14889
10/06/2020 02:30:00,51.2011,50.52452,50.13189
10/06/2020 02:31:00,51.27232,50.60935,50.24937
10/06/2020 02:32:00,51.23285,50.4608,50.19651
10/06/2020 02:33:00,51.30864,50.59412,50.30849
10/06/2020 02:34:00,51.40316,50.64845,50.33425
10/06/2020 02:35:00,51.85854,51.01189,50.63041
10/06/2020 02:36:00,52.16224,51.33207,50.89905
10/06/2020 02:37:00,52.00618,51.30207,50.85032
10/06/2020 02:38:00,51.89959,51.17978,50.71183
10/06/2020 02:39:00,51.85814,51.11805,50.70182
10/06/2020 02:40:00,51.83438,51.18699,50.72254
10/06/2020 02:41:00,51.9772,51.28711,50.76573
10/06/2020 02:42:00,51.74207,51.14112,50.76054
10/06/2020 02:43:00,51.47243,50.89756,50.53711
10/06/2020 02:44:00,51.48321,50.84064,50.47747
10/06/2020 02:45:00,51.12565,50.58234,50.26226
10/06/2020 02:46:00,51.53251,50.87601,50.46417
10/06/2020 02:47:00,51.44554,50.9325,50.53037
10/06/2020 02:48:00,51.45476,50.79712,50.52509
10/06/2020 02:49:00,51.59032,51.02337,50.63409
10/06/2020 02:50:00,51.47037,50.82723,50.51659
10/06/2020 02:51:00,51.68714,50.98505,50.58252
10/06/2020 02:52:00,52.00637,51.15856,50.77069
10/06/2020 02:53:00,52.49672,51.67547,51.24517
10/06/2020 02:54:00,52.54883,51.72239,51.22166
10/06/2020 02:55:00,52.41887,51.63799,51.1782
10/06/2020 02:56:00,52.11302,51.37222,51.03374
10/06/2020 02:57:00,51.50728,51.04289,50.5435
10/06/2020 02:58:00,51.65595,51.12923,50.6278
10/06/2020 02:59:00,51.66073,51.0782,50.59942
10/06/2020 03:00:00,52.12385,51.38511,50.99939
10/06/2020 03:01:00,52.13794,51.40492,51.17366
10/06/2020 03:02:00,52.21773,51.45985,51.29521
10/06/2020 03:03:00,52.32629,51.50257,51.34173
10/06/2020 03:04:00,52.78868,51.83734,51.63256
10/06/2020 03:05:00,52.87141,52.07018,51.82536
10/06/2020 03:06:00,52.75856,51.95815,51.7524
10/06/2020 03:07:00,52.66142,51.84199,51.65652
10/06/2020 03:08:00,52.73516,51.9137,51.68821
10/06/2020 03:09:00,52.84948,52.02004,51.74382
10/06/2020 03:10:00,53.1948,52.40531,52.01088
10/06/2020 03:11:00,52.91659,52.19751,51.87975
10/06/2020 03:12:00,52.76111,51.96649,51.75238
10/06/2020 03:13:00,52.56409,51.94439,51.68293
10/06/2020 03:14:00,52.01926,51.38888,51.10531
10/06/2020 03:15:00,51.66676,51.21984,51.0246
10/06/2020 03:16:00,51.65769,51.06586,50.78246
10/06/2020 03:17:00,51.78641,51.19327,51.0919
10/06/2020 03:18:00,51.327,50.67479,50.58722
10/06/2020 03:19:00,51.50629,50.89468,50.75119
10/06/2020 03:20:00,51.58285,50.92952,50.76803
10/06/2020 03:21:00,51.52837,50.80261,50.69712
10/06/2020 03:22:00,51.59422,50.8089,50.71803
10/06/2020 03:23:00,52.01818,51.24119,50.99502
10/06/2020 03:24:00,52.10563,51.38989,51.12582
10/06/2020 03:25:00,52.29004,51.55532,51.35366
10/06/2020 03:26:00,52.18626,51.49384,51.33448
10/06/2020 03:27:00,51.5884,51.21058,50.90934
10/06/2020 03:28:00,50.3191,49.81392,49.67305
10/06/2020 03:29:00,50.52747,49.94619,49.71886
10/06/2020 03:30:00,50.80902,50.09763,49.91587
10/06/2020 03:31:00,50.71809,50.11497,49.88275
10/06/2020 03:32:00,50.97839,50.25513,50.03693
10/06/2020 03:33:00,50.95549,50.36048,50.14762
10/06/2020 03:34:00,51.04032,50.33193,50.13601
10/06/2020 03:35:00,51.32393,50.56607,50.32515
10/06/2020 03:36:00,51.59142,50.83151,50.52413
10/06/2020 03:37:00,51.81071,51.023,50.66782
10/06/2020 03:38:00,51.81169,51.15724,50.79047
10/06/2020 03:39:00,51.66433,51.00241,50.62273
10/06/2020 03:40:00,51.84403,51.08528,50.68591
10/06/2020 03:41:00,51.97196,51.22609,50.8297
10/06/2020 03:42:00,51.99077,51.27569,50.86197
10/06/2020 03:43:00,52.0789,51.38265,50.91819
10/06/2020 03:44:00,52.01849,51.41613,50.92852
10/06/2020 03:45:00,51.99964,51.31989,50.81066
10/06/2020 03:46:00,51.90239,51.36708,50.89246
10/06/2020 03:47:00,52.47377,51.66978,51.12203
10/06/2020 03:48:00,52.91155,52.11312,51.67306
10/06/2020 03:49:00,52.7551,52.09162,51.62205
10/06/2020 03:50:00,52.00074,51.47668,51.10585
10/06/2020 03:51:00,51.47016,50.94307,50.65847
10/06/2020 03:52:00,51.83796,51.18178,50.79134
10/06/2020 03:53:00,52.0952,51.47838,51.09325
10/06/2020 03:54:00,51.65206,51.11282,50.82853
10/06/2020 03:55:00,52.10606,51.38874,51.06558
10/06/2020 03:56:00,51.74002,51.20029,50.94755
10/06/2020 03:57:00,51.39394,50.77081,50.54557
10/06/2020 03:58:00,50.66433,50.26995,50.17002
10/06/2020 03:59:00,50.81049,50.15115,49.99293
10/06/2020 04:00:00,51.20469,50.51631,50.41079
10/06/2020 04:01:00,51.15319,50.5091,50.40974
10/06/2020 04:02:00,51.37417,50.62456,50.4673
10/06/2020 04:03:00,52.62913,51.6158,51.39226
10/06/2020 04:04:00,52.86174,52.0945,51.77889
10/06/2020 04:05:00,53.58961,52.55061,52.03722
10/06/2020 04:06:00,52.91569,52.21012,51.96456
10/06/2020 04:07:00,53.14238,52.18272,51.86378
10/06/2020 04:08:00,53.13695,52.20372,51.92109
10/06/2020 04:09:00,52.97697,51.97509,51.76234
10/06/2020 04:10:00,53.21859,52.33829,52.05507
10/06/2020 04:11:00,53.3201,52.32389,52.02682
10/06/2020 04:12:00,53.44053,52.5144,52.21835
10/06/2020 04:13:00,53.61891,52.75579,52.22528
10/06/2020 04:14:00,54.39741,53.35678,52.81564
10/06/2020 04:15:00,54.6213,53.46672,53.26721
10/06/2020 04:16:00,54.62125,53.4741,53.23828
10/06/2020 04:17:00,54.89763,53.78241,53.41542
10/06/2020 04:18:00,54.47574,53.48442,53.28499
10/06/2020 04:19:00,54.176,53.13311,53.03758
10/06/2020 04:20:00,54.24143,53.17149,53.04108
10/06/2020 04:21:00,54.06898,53.27346,53.04423
10/06/2020 04:22:00,54.1092,53.1456,53.00489
10/06/2020 04:23:00,54.1806,53.36192,53.18958
10/06/2020 04:24:00,53.61778,53.01544,52.86324
10/06/2020 04:25:00,52.11365,51.84391,51.81686
10/06/2020 04:26:00,53.01243,52.40585,52.17662
10/06/2020 04:27:00,51.7916,51.67845,51.6692
10/06/2020 04:28:00,51.96168,51.46008,51.391
10/06/2020 04:29:00,52.03418,51.57021,51.53887
10/06/2020 04:30:00,52.08913,51.4935,51.4705
10/06/2020 04:31:00,52.10563,51.65356,51.5536
10/06/2020 04:32:00,51.19516,50.82902,50.91396
10/06/2020 04:33:00,50.96101,50.424,50.46309
10/06/2020 04:34:00,51.36707,50.80104,50.73156
10/06/2020 04:35:00,51.61439,50.91538,50.76083
10/06/2020 04:36:00,51.50993,51.00749,50.84163
10/06/2020 04:37:00,51.551,50.93839,50.81988
10/06/2020 04:38:00,51.54505,50.81266,50.78354
10/06/2020 04:39:00,51.9409,51.2866,51.15816
10/06/2020 04:40:00,51.70973,51.04781,50.88265
10/06/2020 04:41:00,51.74858,51.11556,50.96344
10/06/2020 04:42:00,51.49017,50.96265,50.82439
10/06/2020 04:43:00,51.59232,50.95137,50.79933
10/06/2020 04:44:00,51.62268,51.01103,50.85335
10/06/2020 04:45:00,52.11869,51.31151,51.13513
10/06/2020 04:46:00,51.47393,50.94591,50.9111
10/06/2020 04:47:00,51.17835,50.56945,50.55177
10/06/2020 04:48:00,51.85925,51.00435,50.85267
10/06/2020 04:49:00,53.0409,52.17872,51.82537
10/06/2020 04:50:00,52.42421,52.06224,51.70989
10/06/2020 04:51:00,51.03633,50.58208,50.52922
10/06/2020 04:52:00,51.58946,50.99372,50.77815
10/06/2020 04:53:00,51.73159,51.26986,51.09409
10/06/2020 04:54:00,50.89605,50.3592,50.33149
10/06/2020 04:55:00,50.8495,50.31652,50.24242
10/06/2020 04:56:00,50.72475,50.25586,50.07562
10/06/2020 04:57:00,50.08055,49.81752,49.6321
10/06/2020 04:58:00,50.0109,49.53398,49.43245
10/06/2020 04:59:00,49.89413,49.37181,49.49065
10/06/2020 05:00:00,49.54176,48.92183,49.03016
10/06/2020 05:01:00,50.10229,49.37358,49.36247
10/06/2020 05:02:00,49.84266,49.02262,49.21717
10/06/2020 05:03:00,51.13978,50.03492,50.00867
10/06/2020 05:04:00,52.01202,51.06165,50.83636
10/06/2020 05:05:00,51.94828,51.06447,51.10546
10/06/2020 05:06:00,51.53119,50.64458,50.48132
10/06/2020 05:07:00,51.58764,50.96494,50.72566
10/06/2020 05:08:00,50.99766,50.26348,50.20133
10/06/2020 05:09:00,50.71426,50.04494,49.95265
10/06/2020 05:10:00,50.67889,49.98711,49.80664
10/06/2020 05:11:00,50.36327,49.71677,49.69819
10/06/2020 05:12:00,50.04721,49.30949,49.43658
10/06/2020 05:13:00,50.24712,49.43541,49.51397
10/06/2020 05:14:00,50.31501,49.68656,49.58256
10/06/2020 05:15:00,50.08549,49.50713,49.54102
10/06/2020 05:16:00,50.88818,49.96126,49.84209
10/06/2020 05:17:00,51.54602,50.59388,50.57003
10/06/2020 05:18:00,51.45827,50.5666,50.53791
10/06/2020 05:19:00,51.5942,50.58535,50.60766
10/06/2020 05:20:00,52.05182,50.99776,50.92782
10/06/2020 05:21:00,52.36591,51.3581,51.24564
10/06/2020 05:22:00,52.25306,51.2862,51.13238
10/06/2020 05:23:00,52.238,51.2916,51.2343
10/06/2020 05:24:00,52.61222,51.60134,51.49852
10/06/2020 05:25:00,52.1234,51.30906,51.18656
10/06/2020 05:26:00,52.15341,51.34247,51.23223
10/06/2020 05:27:00,52.18977,51.44591,51.3423
10/06/2020 05:28:00,52.56779,51.72635,51.53274
10/06/2020 05:29:00,52.92129,52.03588,51.77814
10/06/2020 05:30:00,53.22614,52.32904,52.12957
10/06/2020 05:31:00,53.2849,52.35767,52.16256
10/06/2020 05:32:00,53.57581,52.70837,52.48
10/06/2020 05:33:00,53.50939,52.67971,52.46141
10/06/2020 05:34:00,53.40769,52.60408,52.3108
10/06/2020 05:35:00,53.80285,52.89861,52.58911
10/06/2020 05:36:00,53.78778,53.01212,52.72038
10/06/2020 05:37:00,53.75483,52.96443,52.72603
10/06/2020 05:38:00,53.63492,52.83905,52.58315
10/06/2020 05:39:00,53.57043,52.9269,52.70428
10/06/2020 05:40:00,53.60173,52.79662,52.48905
10/06/2020 05:41:00,53.55324,52.8184,52.63906
10/06/2020 05:42:00,53.5884,52.87706,52.74286
10/06/2020 05:43:00,53.29944,52.70185,52.51093
10/06/2020 05:44:00,52.91682,52.49982,52.32813
10/06/2020 05:45:00,52.63325,52.2604,52.128
10/06/2020 05:46:00,52.43089,52.02562,51.93393
10/06/2020 05:47:00,52.64273,52.07122,51.91948
10/06/2020 05:48:00,52.58481,52.04463,51.98804
10/06/2020 05:49:00,52.41139,51.94831,51.87533
10/06/2020 05:50:00,52.45306,51.86626,51.81461
10/06/2020 05:51:00,52.55559,51.99322,51.97307
10/06/2020 05:52:00,52.11458,51.53798,51.49379
10/06/2020 05:53:00,52.28221,51.65897,51.5794
10/06/2020 05:54:00,52.4079,51.83899,51.73606
10/06/2020 05:55:00,52.15697,51.59463,51.53469
10/06/2020 05:56:00,52.14679,51.49154,51.39198
10/06/2020 05:57:00,52.38915,51.74333,51.61361
10/06/2020 05:58:00,51.80033,51.30529,51.1865
10/06/2020 05:59:00,52.03168,51.32878,51.26889
10/06/2020 06:00:00,53.88192,52.73616,52.5507
10/06/2020 06:01:00,54.0876,53.39352,53.08851
10/06/2020 06:02:00,52.82247,52.46114,52.32529
10/06/2020 06:03:00,52.33442,51.69196,51.68721
10/06/2020 06:04:00,51.26956,50.85337,50.89988
10/06/2020 06:05:00,51.01744,50.60736,50.63445
10/06/2020 06:06:00,50.36274,50.0074,50.06181
10/06/2020 06:07:00,50.13937,49.74712,49.69625
10/06/2020 06:08:00,50.30053,49.77989,49.68282
10/06/2020 06:09:00,50.62248,50.16077,50.07292
10/06/2020 06:10:00,50.79441,50.18614,50.0979
10/06/2020 06:11:00,50.68202,50.21792,50.17092
10/06/2020 06:12:00,50.79876,50.31426,50.1891
10/06/2020 06:13:00,51.17802,50.43438,50.35625
10/06/2020 06:14:00,51.85394,51.31023,50.98193
10/06/2020 06:15:00,51.14756,50.73613,50.65219
10/06/2020 06:16:00,51.21291,50.60886,50.54575
10/06/2020 06:17:00,51.71126,51.02655,50.83699
10/06/2020 06:18:00,51.22585,50.83963,50.58822
10/06/2020 06:19:00,50.95916,50.64514,50.44967
10/06/2020 06:20:00,50.56773,50.2536,49.96701
10/06/2020 06:21:00,50.75683,50.53268,49.97721
10/06/2020 06:22:00,50.24471,50.03246,49.60087
10/06/2020 06:23:00,50.69061,50.44359,50.04382
10/06/2020 06:24:00,48.92548,48.8578,48.56271
10/06/2020 06:25:00,48.58234,48.0414,47.85957
10/06/2020 06:26:00,48.5427,47.99715,47.70143
10/06/2020 06:27:00,48.05917,47.47428,47.28192
10/06/2020 06:28:00,48.21001,47.5476,47.28829
10/06/2020 06:29:00,49.37379,48.32611,48.13494
10/06/2020 06:30:00,48.60647,48.12871,47.99582
10/06/2020 06:31:00,48.45896,47.77737,47.59434
10/06/2020 06:32:00,47.8858,47.35115,47.12443
10/06/2020 06:33:00,47.55046,46.99095,46.90998
10/06/2020 06:34:00,47.34284,46.7933,46.73084
10/06/2020 06:35:00,47.50706,46.98791,46.82825
10/06/2020 06:36:00,47.57944,46.99961,46.80978
10/06/2020 06:37:00,47.87144,47.2945,47.00246
10/06/2020 06:38:00,47.84573,47.2425,46.98457
10/06/2020 06:39:00,47.76458,47.24933,46.91238
10/06/2020 06:40:00,47.55505,47.12835,46.80559
10/06/2020 06:41:00,47.34126,46.82342,46.56948
10/06/2020 06:42:00,47.17677,46.75597,46.47661
10/06/2020 06:43:00,46.65741,46.19971,45.96811
10/06/2020 06:44:00,46.72737,46.2104,45.9393
10/06/2020 06:45:00,48.03284,47.25751,46.70749
10/06/2020 06:46:00,48.95033,48.61406,47.99288
10/06/2020 06:47:00,47.84518,47.72668,47.22287
10/06/2020 06:48:00,47.34038,47.21112,46.78362
10/06/2020 06:49:00,47.34877,47.22277,46.7771
10/06/2020 06:50:00,46.39537,46.64903,46.29974
10/06/2020 06:51:00,45.92751,45.97931,45.73555
10/06/2020 06:52:00,45.75157,45.72263,45.44897
10/06/2020 06:53:00,45.64586,45.60712,45.32996
10/06/2020 06:54:00,46.02998,45.48438,45.25956
10/06/2020 06:55:00,46.19537,45.576,45.35551
10/06/2020 06:56:00,46.41843,45.73731,45.44252
10/06/2020 06:57:00,46.60003,45.78689,45.53157
10/06/2020 06:58:00,45.90015,45.26027,45.10732
10/06/2020 06:59:00,45.74658,44.88574,44.69236
10/06/2020 07:00:00,45.91736,45.08971,44.79086
10/06/2020 07:01:00,45.45893,44.82521,44.54142
10/06/2020 07:02:00,45.65038,44.8259,44.53508
10/06/2020 07:03:00,45.75346,44.92377,44.58
10/06/2020 07:04:00,45.93869,45.03377,44.64891
10/06/2020 07:05:00,45.49424,44.94619,44.50529
10/06/2020 07:06:00,45.34115,44.83577,44.4235
10/06/2020 07:07:00,44.71181,44.09787,43.89913
10/06/2020 07:08:00,45.16594,44.56833,44.21128
10/06/2020 07:09:00,45.31026,44.78,44.39995
10/06/2020 07:10:00,44.58437,44.25977,43.91949
10/06/2020 07:11:00,44.54439,44.13253,43.82857
10/06/2020 07:12:00,44.96332,44.58807,44.16215
10/06/2020 07:13:00,44.73679,44.36531,44.06808
10/06/2020 07:14:00,44.52809,44.30667,44.01832
10/06/2020 07:15:00,43.7303,43.36891,43.35408
10/06/2020 07:16:00,44.40701,43.7625,43.55249
10/06/2020 07:17:00,44.29891,43.72973,43.59985
10/06/2020 07:18:00,43.94706,43.32449,43.14305
10/06/2020 07:19:00,43.67192,43.05383,42.98663
10/06/2020 07:20:00,43.69999,42.9793,42.93388
10/06/2020 07:21:00,43.72957,43.13266,42.94695
10/06/2020 07:22:00,43.98885,43.25521,43.01463
10/06/2020 07:23:00,44.1915,43.55231,43.27357
10/06/2020 07:24:00,43.77294,43.18894,43.09096
10/06/2020 07:25:00,43.76174,43.14967,42.98541
10/06/2020 07:26:00,43.76662,43.15308,42.98243
10/06/2020 07:27:00,44.07673,43.47394,43.21027
10/06/2020 07:28:00,44.14735,43.58843,43.29003
10/06/2020 07:29:00,43.79804,43.4245,43.19115
10/06/2020 07:30:00,43.99252,43.42096,43.12953
10/06/2020 07:31:00,43.98748,43.48447,43.26512
10/06/2020 07:32:00,44.32547,43.8847,43.67243
10/06/2020 07:33:00,44.1291,43.61971,43.29419
10/06/2020 07:34:00,43.92768,43.65714,43.29988
10/06/2020 07:35:00,43.49546,43.42941,43.09841
10/06/2020 07:36:00,43.87036,43.59386,43.08385
10/06/2020 07:37:00,43.7215,43.44962,43.08376
10/06/2020 07:38:00,43.54255,43.23256,42.93914
10/06/2020 07:39:00,43.48498,43.06473,42.76593
10/06/2020 07:40:00,43.77968,43.36895,42.9574
10/06/2020 07:41:00,43.9427,43.57802,43.22479
10/06/2020 07:42:00,43.51819,43.32382,43.05078
10/06/2020 07:43:00,43.69653,43.22801,42.98567
10/06/2020 07:44:00,43.52214,43.46569,43.13008
10/06/2020 07:45:00,42.99827,42.64177,42.59196
10/06/2020 07:46:00,43.16083,42.63518,42.4401
10/06/2020 07:47:00,43.61518,42.85975,42.492
10/06/2020 07:48:00,43.9074,43.15633,42.74741
10/06/2020 07:49:00,44.11464,43.40575,42.91142
10/06/2020 07:50:00,43.93953,43.31049,42.90987
10/06/2020 07:51:00,43.63615,43.23629,42.94086
10/06/2020 07:52:00,43.45556,43.15202,42.88857
10/06/2020 07:53:00,43.56234,43.11522,42.7815
10/06/2020 07:54:00,43.41152,43.22223,42.67572
10/06/2020 07:55:00,43.56847,43.24375,42.80567
10/06/2020 07:56:00,43.296,43.07665,42.6898
10/06/2020 07:57:00,43.05463,42.57854,42.24163
10/06/2020 07:58:00,43.45354,42.7681,42.46432
10/06/2020 07:59:00,43.57253,43.01395,42.63806
10/06/2020 08:00:00,43.52279,43.22786,42.75938
10/06/2020 08:01:00,43.14154,43.07038,42.78166
10/06/2020 08:02:00,43.26995,43.17237,42.76698
10/06/2020 08:03:00,42.74849,42.68488,42.36092
10/06/2020 08:04:00,42.75033,42.16059,41.78896
10/06/2020 08:05:00,42.92072,42.48298,42.07447
10/06/2020 08:06:00,42.53321,41.92325,41.65874
10/06/2020 08:07:00,42.89661,42.09803,41.77269
10/06/2020 08:08:00,42.70744,42.36047,42.0062
10/06/2020 08:09:00,42.35447,42.14125,41.81938
10/06/2020 08:10:00,42.36209,41.97678,41.69414
10/06/2020 08:11:00,42.05464,41.85463,41.60913
10/06/2020 08:12:00,41.89678,41.84462,41.67455
10/06/2020 08:13:00,41.66221,41.72631,41.48552
10/06/2020 08:14:00,41.6116,41.43771,41.29801
10/06/2020 08:15:00,41.3421,40.77029,40.72575
10/06/2020 08:16:00,41.72001,40.93947,40.72861
10/06/2020 08:17:00,42.07628,41.4132,41.2205
10/06/2020 08:18:00,42.119,41.7501,41.57465
10/06/2020 08:19:00,41.58002,41.43229,41.32129
10/06/2020 08:20:00,41.48803,41.23657,41.09529
10/06/2020 08:21:00,41.3473,40.93583,40.66219
10/06/2020 08:22:00,41.85007,41.14667,40.77808
10/06/2020 08:23:00,41.94636,41.28075,41.04204
10/06/2020 08:24:00,41.84901,41.20296,40.93934
10/06/2020 08:25:00,41.53903,41.06871,40.90538
10/06/2020 08:26:00,42.06252,41.32298,41.15259
10/06/2020 08:27:00,42.08313,41.5293,41.2999
10/06/2020 08:28:00,41.63825,41.39019,41.1671
10/06/2020 08:29:00,40.87931,40.99763,40.73726
10/06/2020 08:30:00,40.71032,40.58173,40.36251
10/06/2020 08:31:00,40.76291,40.68511,40.36329
10/06/2020 08:32:00,40.84846,40.2797,40.00352
10/06/2020 08:33:00,41.06316,40.81672,40.50167
10/06/2020 08:34:00,40.47725,40.33728,40.08137
10/06/2020 08:35:00,40.87073,40.51839,40.21688
10/06/2020 08:36:00,40.39421,40.1682,39.96828
10/06/2020 08:37:00,39.9581,39.73312,39.84628
10/06/2020 08:38:00,40.27835,40.01635,39.79694
10/06/2020 08:39:00,40.42134,39.9862,39.66729
10/06/2020 08:40:00,40.48103,39.94476,39.52371
10/06/2020 08:41:00,40.86093,40.27036,39.8863
10/06/2020 08:42:00,40.79105,40.56293,40.23421
10/06/2020 08:43:00,40.24064,40.314,40.0767
10/06/2020 08:44:00,40.21153,40.18717,39.89562
10/06/2020 08:45:00,39.90533,40.08449,39.81545
10/06/2020 08:46:00,39.34569,39.28695,39.13905
10/06/2020 08:47:00,39.82343,39.25059,38.96159
10/06/2020 08:48:00,39.80654,39.55526,39.22998
10/06/2020 08:49:00,39.80983,39.38966,39.04357
10/06/2020 08:50:00,39.71608,39.43494,39.12505
10/06/2020 08:51:00,39.60044,39.33946,38.99706
10/06/2020 08:52:00,39.51386,39.24094,38.97229
10/06/2020 08:53:00,39.62201,39.40738,39.10872
10/06/2020 08:54:00,39.49216,39.27859,39.00602
10/06/2020 08:55:00,39.84161,39.65581,39.35133
10/06/2020 08:56:00,39.56558,39.73464,39.42329
10/06/2020 08:57:00,38.77604,39.00862,38.93624
10/06/2020 08:58:00,38.83809,38.86055,38.62106
10/06/2020 08:59:00,38.79265,38.77025,38.58345
10/06/2020 09:00:00,38.15538,38.67772,38.39102
10/06/2020 09:01:00,38.47945,38.5199,38.32371
10/06/2020 09:02:00,38.91602,38.57064,38.28093
10/06/2020 09:03:00,38.7066,38.5864,38.28931
10/06/2020 09:04:00,38.46358,37.98965,37.78111
10/06/2020 09:05:00,38.82901,38.21028,37.99953
10/06/2020 09:06:00,39.38129,38.62458,38.28416
10/06/2020 09:07:00,39.63674,39.23785,38.77835
10/06/2020 09:08:00,38.77133,38.59367,38.46346
10/06/2020 09:09:00,38.87129,38.36464,38.29096
10/06/2020 09:10:00,39.22828,38.97145,38.57581
10/06/2020 09:11:00,39.19637,39.0346,38.69099
10/06/2020 09:12:00,39.08823,38.81192,38.53103
10/06/2020 09:13:00,39.32447,38.83006,38.53779
10/06/2020 09:14:00,39.38157,38.87828,38.55732
10/06/2020 09:15:00,39.69888,39.2336,38.84867
10/06/2020 09:16:00,39.20762,39.14418,38.86992
10/06/2020 09:17:00,39.05484,39.35755,39.05915
10/06/2020 09:18:00,38.53728,39.26131,39.03526
10/06/2020 09:19:00,38.05806,38.38172,38.31118
10/06/2020 09:20:00,37.933,38.02629,37.80226
10/06/2020 09:21:00,37.7149,37.75119,37.46819
10/06/2020 09:22:00,37.90471,37.93105,37.74339
10/06/2020 09:23:00,37.88342,37.43296,37.23266
10/06/2020 09:24:00,38.26818,37.65543,37.39619
10/06/2020 09:25:00,38.50419,37.89426,37.59656
10/06/2020 09:26:00,38.10618,37.75155,37.50492
10/06/2020 09:27:00,37.86817,37.92817,37.66982
10/06/2020 09:28:00,37.59131,37.40917,37.17218
10/06/2020 09:29:00,37.72168,37.37347,37.13128
10/06/2020 09:30:00,37.83862,37.48761,37.22815
10/06/2020 09:31:00,38.09291,37.73296,37.5091
10/06/2020 09:32:00,37.71613,37.58506,37.438
10/06/2020 09:33:00,37.97406,37.62299,37.46659
10/06/2020 09:34:00,38.56529,38.22385,38.01367
10/06/2020 09:35:00,37.47852,37.61823,37.58144
10/06/2020 09:36:00,36.9375,36.92899,36.9174
10/06/2020 09:37:00,36.96694,36.78784,36.74626
10/06/2020 09:38:00,37.08933,37.1847,37.02865
10/06/2020 09:39:00,36.50433,36.67098,36.60991
10/06/2020 09:40:00,36.01742,36.3497,36.34094
10/06/2020 09:41:00,35.9778,36.26372,36.15013
10/06/2020 09:42:00,35.84819,35.96923,36.05189
10/06/2020 09:43:00,36.43646,35.732,35.68569
10/06/2020 09:44:00,37.23195,36.28999,36.13844
10/06/2020 09:45:00,36.91533,36.50399,36.28149
10/06/2020 09:46:00,36.06007,35.98696,36.0686
10/06/2020 09:47:00,35.86387,35.8214,35.8821
10/06/2020 09:48:00,35.99683,35.6449,35.61625
10/06/2020 09:49:00,36.48982,36.39268,36.15722
10/06/2020 09:50:00,36.24745,36.37053,36.25137
10/06/2020 09:51:00,36.5779,36.32917,36.12251
10/06/2020 09:52:00,36.40545,36.33278,36.08738
10/06/2020 09:53:00,36.79581,36.36747,36.11066
10/06/2020 09:54:00,37.22056,36.72908,36.39089
10/06/2020 09:55:00,36.97935,36.71227,36.42086
10/06/2020 09:56:00,36.49846,36.70074,36.49901
10/06/2020 09:57:00,36.27129,36.26369,36.22163
10/06/2020 09:58:00,36.54301,36.0886,36.0891
10/06/2020 09:59:00,37.05499,36.64932,36.41995
10/06/2020 10:00:00,37.37601,36.85394,36.6622
10/06/2020 10:01:00,37.6159,37.32817,37.10226
10/06/2020 10:02:00,36.49372,36.60085,36.51918
10/06/2020 10:03:00,36.93827,36.88525,36.73628
10/06/2020 10:04:00,36.33516,36.54247,36.41628
10/06/2020 10:05:00,36.37644,36.54359,36.28154
10/06/2020 10:06:00,36.36973,36.48086,36.16118
10/06/2020 10:07:00,36.07153,36.23014,36.12411
10/06/2020 10:08:00,35.90249,35.70001,35.66805
10/06/2020 10:09:00,36.7878,36.13966,35.75262
10/06/2020 10:10:00,36.88729,36.70008,36.33909
10/06/2020 10:11:00,36.54063,36.01765,35.95574
10/06/2020 10:12:00,36.86499,36.44713,36.08359
10/06/2020 10:13:00,36.83194,36.64635,36.25224
10/06/2020 10:14:00,36.39977,36.32446,36.02145
10/06/2020 10:15:00,36.4642,36.52893,36.24866
10/06/2020 10:16:00,35.91629,36.39636,36.25342
10/06/2020 10:17:00,35.58044,35.44631,35.66106
10/06/2020 10:18:00,36.6035,35.94648,35.79078
10/06/2020 10:19:00,35.96271,35.81115,35.76662
10/06/2020 10:20:00,35.66501,35.68135,35.61238
10/06/2020 10:21:00,35.3292,35.48386,35.44358
10/06/2020 10:22:00,34.65062,35.1183,35.21971
10/06/2020 10:23:00,34.69447,34.68954,34.63845
10/06/2020 10:24:00,34.79281,34.68336,34.634
10/06/2020 10:25:00,34.17262,33.93796,33.9988
10/06/2020 10:26:00,34.66284,34.26866,34.05777
10/06/2020 10:27:00,34.73187,34.49865,34.41325
10/06/2020 10:28:00,34.30497,34.1378,34.08955
10/06/2020 10:29:00,33.96574,33.85678,33.82278
10/06/2020 10:30:00,34.37887,34.22474,34.14321
10/06/2020 10:31:00,34.03446,34.09678,34.16587
10/06/2020 10:32:00,33.69645,34.18042,34.08264
10/06/2020 10:33:00,33.36855,33.63022,33.67567
10/06/2020 10:34:00,33.11129,32.78936,32.95131
10/06/2020 10:35:00,32.90134,32.5425,32.64025
10/06/2020 10:36:00,33.46024,33.14543,33.10397
10/06/2020 10:37:00,32.51246,32.82363,32.94284
10/06/2020 10:38:00,32.69745,32.49346,32.64506
10/06/2020 10:39:00,32.82711,32.88874,32.90592
10/06/2020 10:40:00,32.59127,32.64126,32.61439
10/06/2020 10:41:00,32.69084,32.61527,32.63482
10/06/2020 10:42:00,33.60164,32.6822,32.79267
10/06/2020 10:43:00,34.33396,33.44921,33.3003
10/06/2020 10:44:00,34.32204,33.6217,33.53526
10/06/2020 10:45:00,34.22884,33.70146,33.65982
10/06/2020 10:46:00,33.64936,34.11423,34.12535
10/06/2020 10:47:00,33.40899,33.48378,33.63053
10/06/2020 10:48:00,33.66276,34.37794,34.24827
10/06/2020 10:49:00,32.79926,33.21471,33.44659
10/06/2020 10:50:00,33.02024,33.0772,33.2336
10/06/2020 10:51:00,32.95478,32.39049,32.61339
10/06/2020 10:52:00,34.23103,33.31569,33.20244
10/06/2020 10:53:00,33.40439,33.56002,33.57682
10/06/2020 10:54:00,32.20056,32.56083,32.96049
10/06/2020 10:55:00,31.98824,31.84841,32.16649
10/06/2020 10:56:00,32.65772,32.18456,32.3405
10/06/2020 10:57:00,32.44953,32.23143,32.47059
10/06/2020 10:58:00,32.31354,32.1514,32.53019
10/06/2020 10:59:00,32.69517,32.13811,32.27299
10/06/2020 11:00:00,32.51103,32.15924,32.16056
10/06/2020 11:01:00,32.30362,32.12396,32.38427
10/06/2020 11:02:00,32.62806,31.95506,32.25241
10/06/2020 11:03:00,33.12122,32.32151,32.56871
10/06/2020 11:04:00,32.65038,32.67025,32.97426
10/06/2020 11:05:00,32.03656,31.97495,32.304
10/06/2020 11:06:00,32.16767,31.99722,32.14302
10/06/2020 11:07:00,32.48582,32.0207,32.07925
10/06/2020 11:08:00,31.99952,32.21851,32.18965
10/06/2020 11:09:00,31.14286,31.01862,31.56797
10/06/2020 11:10:00,31.40639,30.75355,31.16399
10/06/2020 11:11:00,31.58912,31.18697,31.36725
10/06/2020 11:12:00,31.61387,31.17268,31.36192
10/06/2020 11:13:00,31.70804,31.46308,31.51855
10/06/2020 11:14:00,31.30431,31.0013,31.24453
10/06/2020 11:15:00,31.12592,30.87492,31.14394
10/06/2020 11:16:00,31.46845,30.9514,31.08355
10/06/2020 11:17:00,31.1648,30.943,31.06889
10/06/2020 11:18:00,31.5351,30.91413,31.00455
10/06/2020 11:19:00,31.62297,31.09639,31.05346
10/06/2020 11:20:00,31.75348,31.07337,31.11325
10/06/2020 11:21:00,31.07024,31.20942,31.30959
10/06/2020 11:22:00,30.92919,30.85482,31.12178
10/06/2020 11:23:00,30.20917,30.6109,31.04869
10/06/2020 11:24:00,30.49988,30.12912,30.52165
10/06/2020 11:25:00,30.41192,29.99548,30.27323
10/06/2020 11:26:00,30.64242,30.23692,30.56473
10/06/2020 11:27:00,31.1065,30.35341,30.38247
10/06/2020 11:28:00,31.1262,30.47996,30.37613
10/06/2020 11:29:00,31.47824,30.55653,30.53069
10/06/2020 11:30:00,31.7022,30.98491,30.90613
10/06/2020 11:31:00,31.74362,31.05548,31.06029
10/06/2020 11:32:00,31.10486,30.95339,31.21984
10/06/2020 11:33:00,30.72435,30.4808,30.85511
10/06/2020 11:34:00,30.50109,30.6587,30.94829
10/06/2020 11:35:00,30.24606,30.23861,30.47668
10/06/2020 11:36:00,29.90038,29.95989,30.3168
10/06/2020 11:37:00,29.42491,29.40758,29.83471
10/06/2020 11:38:00,29.87777,29.26238,29.57761
10/06/2020 11:39:00,29.70945,28.79342,29.68424
10/06/2020 11:40:00,29.89184,29.3223,29.56993
10/06/2020 11:41:00,29.64832,29.23563,29.37598
10/06/2020 11:42:00,29.3783,29.01322,29.17909
10/06/2020 11:43:00,29.07848,28.65962,28.97152
10/06/2020 11:44:00,28.81582,28.54507,28.75936
10/06/2020 11:45:00,29.02934,28.52508,28.7272
10/06/2020 11:46:00,29.19963,28.57253,28.68918
10/06/2020 11:47:00,29.14441,28.65813,28.90691
10/06/2020 11:48:00,29.83983,28.69396,28.97029
10/06/2020 11:49:00,30.45492,29.4553,29.36493
10/06/2020 11:50:00,29.82982,29.03078,29.34098
10/06/2020 11:51:00,30.69623,29.00482,29.26556
10/06/2020 11:52:00,31.4797,29.98818,29.90977
10/06/2020 11:53:00,30.652,30.32349,30.31663
10/06/2020 11:54:00,30.17469,29.75265,29.99224
10/06/2020 11:55:00,30.67764,30.00441,30.16189
10/06/2020 11:56:00,30.22409,29.90887,30.19129
10/06/2020 11:57:00,30.02417,29.62007,30.14695
10/06/2020 11:58:00,30.52001,29.84729,30.25881
10/06/2020 11:59:00,30.44822,30.24603,30.37828
10/06/2020 12:00:00,30.21812,29.47235,29.92416
10/06/2020 12:01:00,30.65372,30.09205,30.27381
10/06/2020 12:02:00,30.59225,30.23509,30.30921
10/06/2020 12:03:00,30.41511,30.00998,30.20141
10/06/2020 12:04:00,30.52011,29.98955,30.18561
10/06/2020 12:05:00,30.30147,29.54139,29.87822
10/06/2020 12:06:00,30.92206,29.96169,30.0419
10/06/2020 12:07:00,31.01888,30.20935,30.14145
10/06/2020 12:08:00,30.75228,30.07594,30.24552
10/06/2020 12:09:00,30.54374,29.88319,30.26885
10/06/2020 12:10:00,30.80054,30.19462,30.35831
10/06/2020 12:11:00,30.38358,29.8927,30.05712
10/06/2020 12:12:00,30.1573,29.67395,29.90121
10/06/2020 12:13:00,29.58879,28.89298,29.46234
10/06/2020 12:14:00,29.35731,28.89736,29.47363
10/06/2020 12:15:00,29.05482,28.86412,29.50997
10/06/2020 12:16:00,28.47938,28.79133,29.22009
10/06/2020 12:17:00,27.8062,28.25952,28.54647
10/06/2020 12:18:00,27.54567,27.34352,27.90716
10/06/2020 12:19:00,27.8772,27.29297,27.70933
10/06/2020 12:20:00,28.06705,27.54451,27.71658
10/06/2020 12:21:00,28.06959,28.00351,28.07058
10/06/2020 12:22:00,27.9727,27.58021,27.70146
10/06/2020 12:23:00,28.43295,27.65704,27.69
10/06/2020 12:24:00,27.91699,27.95027,28.06889
10/06/2020 12:25:00,27.47822,27.03053,27.03127
10/06/2020 12:26:00,28.13239,27.10873,27.22539
10/06/2020 12:27:00,28.49714,27.6451,27.593
10/06/2020 12:28:00,28.51763,28.13212,27.88772
10/06/2020 12:29:00,28.98257,28.31397,27.98924
10/06/2020 12:30:00,28.78286,28.81809,28.39234
10/06/2020 12:31:00,28.03074,28.29255,28.16462
10/06/2020 12:32:00,27.49698,27.33233,27.56577
10/06/2020 12:33:00,27.65055,27.05629,27.55838
10/06/2020 12:34:00,27.9851,26.9785,27.32643
10/06/2020 12:35:00,28.22719,27.40369,27.70403
10/06/2020 12:36:00,28.33706,27.62623,27.90305
10/06/2020 12:37:00,27.7557,27.25999,27.62114
10/06/2020 12:38:00,27.72209,27.14388,27.56523
10/06/2020 12:39:00,27.93829,27.29416,27.51495
10/06/2020 12:40:00,28.64632,27.45684,27.34327
10/06/2020 12:41:00,28.88746,28.04669,27.81959
10/06/2020 12:42:00,28.92912,28.51646,28.03339
10/06/2020 12:43:00,28.69668,28.29189,28.11371
10/06/2020 12:44:00,28.78558,28.34564,28.13694
10/06/2020 12:45:00,29.10867,28.69201,28.32098
10/06/2020 12:46:00,29.28489,28.90256,28.57575
10/06/2020 12:47:00,28.62186,28.68059,28.35267
10/06/2020 12:48:00,28.37501,28.35868,28.21656
10/06/2020 12:49:00,28.04993,28.22121,28.16397
10/06/2020 12:50:00,27.82524,27.5562,27.79766
10/06/2020 12:51:00,27.90069,27.20122,27.32785
10/06/2020 12:52:00,28.31453,27.46168,27.48263
10/06/2020 12:53:00,28.47569,27.74585,27.74989
10/06/2020 12:54:00,28.48187,28.49378,27.96559
10/06/2020 12:55:00,27.83245,27.84668,27.75358
10/06/2020 12:56:00,28.18365,27.64411,27.64211
10/06/2020 12:57:00,28.349,27.84896,27.78284
10/06/2020 12:58:00,27.90751,27.64258,27.58158
10/06/2020 12:59:00,27.66127,27.08507,27.13927
10/06/2020 13:00:00,28.37022,27.09833,27.01324
10/06/2020 13:01:00,29.45,27.73205,27.56838
10/06/2020 13:02:00,29.83138,28.8512,28.67066
10/06/2020 13:03:00,28.57493,28.81475,28.7033
10/06/2020 13:04:00,28.72942,28.67361,28.44153
10/06/2020 13:05:00,29.17063,28.42611,28.22337
10/06/2020 13:06:00,29.60088,28.80258,28.7561
10/06/2020 13:07:00,28.92739,28.75714,28.53786
10/06/2020 13:08:00,28.87186,28.46512,28.259
10/06/2020 13:09:00,28.68623,28.54892,28.30689
10/06/2020 13:10:00,28.36255,28.39361,28.14508
10/06/2020 13:11:00,27.99938,28.44234,28.1404
10/06/2020 13:12:00,27.51315,27.54012,27.62896
10/06/2020 13:13:00,27.77163,27.47764,27.59688
10/06/2020 13:14:00,27.23174,26.79985,27.3429
10/06/2020 13:15:00,27.68352,26.67927,26.87655
10/06/2020 13:16:00,28.01441,27.17862,26.9612
10/06/2020 13:17:00,28.20894,27.26549,27.1027
10/06/2020 13:18:00,28.41609,27.74339,27.4916
10/06/2020 13:19:00,27.99924,27.8596,27.81677
10/06/2020 13:20:00,27.11194,26.87357,27.11562
10/06/2020 13:21:00,26.72688,26.58349,26.85456
10/06/2020 13:22:00,26.92507,26.49379,26.94831
10/06/2020 13:23:00,26.97441,26.43229,26.55702
10/06/2020 13:24:00,26.61473,26.35172,26.51395
10/06/2020 13:25:00,26.60411,26.09988,26.02504
10/06/2020 13:26:00,26.70022,26.1015,25.80072
10/06/2020 13:27:00,27.29877,25.82918,25.27628
10/06/2020 13:28:00,28.01579,26.45608,26.34138
10/06/2020 13:29:00,28.05197,26.8254,26.86552
10/06/2020 13:30:00,27.90277,26.70337,26.9138
10/06/2020 13:31:00,28.0604,27.31211,27.44285
10/06/2020 13:32:00,27.69057,26.98664,27.24677
10/06/2020 13:33:00,27.95351,26.80966,27.02588
10/06/2020 13:34:00,27.94025,27.27865,27.42254
10/06/2020 13:35:00,27.41439,26.85888,27.23461
10/06/2020 13:36:00,27.89474,26.96898,27.12012
10/06/2020 13:37:00,28.59768,27.58874,27.62282
10/06/2020 13:38:00,28.25422,27.51033,27.68217
10/06/2020 13:39:00,28.47853,27.48521,27.7425
10/06/2020 13:40:00,28.23545,27.84511,27.96326
10/06/2020 13:41:00,27.41591,27.09582,27.32562
10/06/2020 13:42:00,28.40564,26.99139,27.12936
10/06/2020 13:43:00,28.39895,27.85409,27.73685
10/06/2020 13:44:00,27.55333,27.5098,27.61602
10/06/2020 13:45:00,27.26049,26.67773,26.95889
10/06/2020 13:46:00,27.32517,26.57274,26.94954
10/06/2020 13:47:00,27.50076,26.3411,26.61901
10/06/2020 13:48:00,28.01694,26.7316,26.82389
10/06/2020 13:49:00,28.07113,27.21872,27.24543
10/06/2020 13:50:00,27.62469,27.04305,27.19135
10/06/2020 13:51:00,27.68482,26.80597,26.98883
10/06/2020 13:52:00,27.4786,27.02531,27.23451
10/06/2020 13:53:00,28.00231,26.878,27.07172
10/06/2020 13:54:00,27.94602,27.02381,27.15104
10/06/2020 13:55:00,28.66573,27.55003,27.57368
10/06/2020 13:56:00,27.79445,27.15135,27.35344
10/06/2020 13:57:00,27.94382,27.27479,27.4583
10/06/2020 13:58:00,27.52435,27.00326,27.25871
10/06/2020 13:59:00,28.20445,27.22952,27.34141
10/06/2020 14:00:00,28.27437,27.11953,27.23446
10/06/2020 14:01:00,28.46991,27.45702,27.58304
10/06/2020 14:02:00,28.05234,27.51003,27.79874
10/06/2020 14:03:00,27.12641,26.84197,27.35048
10/06/2020 14:04:00,27.21077,26.44445,26.84599
10/06/2020 14:05:00,27.8635,26.63235,26.80207
10/06/2020 14:06:00,27.73185,26.78047,26.8594
10/06/2020 14:07:00,28.14214,26.91776,26.91401
10/06/2020 14:08:00,27.75402,27.0414,27.14746
10/06/2020 14:09:00,27.77028,26.81479,27.00341
10/06/2020 14:10:00,28.05532,26.89523,27.01324
10/06/2020 14:11:00,28.27324,26.91281,26.96831
10/06/2020 14:12:00,28.50913,27.35781,27.31453
10/06/2020 14:13:00,27.84165,27.32593,27.393
10/06/2020 14:14:00,27.59227,26.62586,26.88545
10/06/2020 14:15:00,27.88491,26.78617,26.93391
10/06/2020 14:16:00,27.83777,26.96459,27.07416
10/06/2020 14:17:00,27.54494,27.11293,27.22984
10/06/2020 14:18:00,27.07109,26.69103,26.93566
10/06/2020 14:19:00,27.44355,26.53136,26.81034
10/06/2020 14:20:00,27.20563,26.27562,26.52934
10/06/2020 14:21:00,26.8281,26.19311,26.55209
10/06/2020 14:22:00,26.74013,25.90694,26.28652
10/06/2020 14:23:00,26.51609,25.83786,26.43005
10/06/2020 14:24:00,26.12564,25.53187,25.81244
10/06/2020 14:25:00,26.7536,25.52044,25.4988
10/06/2020 14:26:00,27.55585,25.84768,26.04162
10/06/2020 14:27:00,27.31999,26.19098,26.47254
10/06/2020 14:28:00,27.13139,26.04177,26.37698
10/06/2020 14:29:00,27.14203,26.23512,26.32901
10/06/2020 14:30:00,26.88909,26.1023,26.3258
10/06/2020 14:31:00,26.39506,25.88051,26.00979
10/06/2020 14:32:00,25.97614,25.44034,25.69906
10/06/2020 14:33:00,25.87466,25.28905,25.17927
10/06/2020 14:34:00,25.67972,25.00539,25.2322
10/06/2020 14:35:00,25.42787,24.76187,25.13059
10/06/2020 14:36:00,25.70616,24.70365,25.19451
10/06/2020 14:37:00,26.17027,24.9566,25.23373
10/06/2020 14:38:00,26.40684,25.18445,25.17523
10/06/2020 14:39:00,27.10133,25.55201,25.17377
10/06/2020 14:40:00,27.3531,25.78986,25.64526
10/06/2020 14:41:00,27.09614,25.95842,26.03497
10/06/2020 14:42:00,26.89314,25.83199,25.92692
10/06/2020 14:43:00,27.00373,25.78144,25.93472
10/06/2020 14:44:00,27.26908,26.15914,26.44092
10/06/2020 14:45:00,26.8665,26.14788,26.54507
10/06/2020 14:46:00,26.35568,25.5851,26.00621
10/06/2020 14:47:00,27.21511,25.9061,26.25431
10/06/2020 14:48:00,27.00912,25.77229,26.08111
10/06/2020 14:49:00,27.1197,25.90863,26.18704
10/06/2020 14:50:00,27.15549,25.9102,26.22512
10/06/2020 14:51:00,27.31816,25.91509,26.15205
10/06/2020 14:52:00,26.86484,25.84109,26.11213
10/06/2020 14:53:00,26.61348,25.82152,26.15714
10/06/2020 14:54:00,26.45066,25.70182,25.94411
10/06/2020 14:55:00,27.00403,25.74651,25.77909
10/06/2020 14:56:00,26.73402,25.93824,26.12403
10/06/2020 14:57:00,25.57973,25.19227,25.41412
10/06/2020 14:58:00,25.28506,24.76074,24.85234
10/06/2020 14:59:00,26.02856,24.84383,24.82102
10/06/2020 15:00:00,26.27207,25.29352,24.84711
10/06/2020 15:01:00,26.31095,25.33322,24.88021
10/06/2020 15:02:00,26.22946,25.27947,24.95469
10/06/2020 15:03:00,26.31741,25.40032,24.99138
10/06/2020 15:04:00,25.64658,24.73068,24.88663
10/06/2020 15:05:00,26.01632,24.72641,24.9065
10/06/2020 15:06:00,26.29466,25.15197,24.92763
10/06/2020 15:07:00,26.59423,25.40921,25.06754
10/06/2020 15:08:00,26.92758,25.5744,25.35634
10/06/2020 15:09:00,26.53613,25.50086,25.31372
10/06/2020 15:10:00,26.74172,25.50789,25.44224
10/06/2020 15:11:00,26.97235,25.56067,25.55086
10/06/2020 15:12:00,26.82504,25.68408,25.85122
10/06/2020 15:13:00,26.10621,25.51939,25.58096
10/06/2020 15:14:00,26.1626,25.44761,25.4187
10/06/2020 15:15:00,25.63562,25.1483,25.1552
10/06/2020 15:16:00,25.86039,24.95988,24.96165
10/06/2020 15:17:00,26.18537,25.09788,25.01322
10/06/2020 15:18:00,26.54504,25.37805,24.99551
10/06/2020 15:19:00,26.43965,25.40532,25.00406
10/06/2020 15:20:00,26.06367,25.07363,24.98343
10/06/2020 15:21:00,26.18904,25.08079,25.0936
10/06/2020 15:22:00,26.08837,25.17793,25.03175
10/06/2020 15:23:00,25.72651,24.98966,25.13692
10/06/2020 15:24:00,25.319,24.72111,25.09008
10/06/2020 15:25:00,25.14103,24.24977,24.87239
10/06/2020 15:26:00,25.25934,24.22473,24.96602
10/06/2020 15:27:00,25.02518,23.91306,24.76058
10/06/2020 15:28:00,24.93627,23.93084,24.29573
10/06/2020 15:29:00,25.07249,23.71917,24.09512
10/06/2020 15:30:00,25.1011,23.8315,24.32387
10/06/2020 15:31:00,25.30763,23.84774,24.31952
10/06/2020 15:32:00,25.02475,23.9945,24.60365
10/06/2020 15:33:00,24.77706,23.79653,24.3856
10/06/2020 15:34:00,24.77649,23.67486,24.26486
10/06/2020 15:35:00,24.23303,22.91958,23.65293
10/06/2020 15:36:00,24.51721,23.03399,23.59336
10/06/2020 15:37:00,24.63174,23.13019,23.48438
10/06/2020 15:38:00,24.9157,23.39293,23.80338
10/06/2020 15:39:00,24.92783,23.72428,24.24869
10/06/2020 15:40:00,24.87901,23.55797,23.96747
10/06/2020 15:41:00,25.31033,23.56958,24.0557
10/06/2020 15:42:00,25.64702,23.86448,24.52627
10/06/2020 15:43:00,25.51661,23.94493,24.61143
10/06/2020 15:44:00,25.58957,24.20711,24.81034
10/06/2020 15:45:00,24.98388,24.06483,24.86073
10/06/2020 15:46:00,24.86954,23.8553,24.58517
10/06/2020 15:47:00,25.60278,24.06054,24.58298
10/06/2020 15:48:00,25.65908,24.36667,24.917
10/06/2020 15:49:00,25.26864,24.21531,24.84932
10/06/2020 15:50:00,25.64032,24.20461,24.80045
10/06/2020 15:51:00,25.45104,24.2541,24.93971
10/06/2020 15:52:00,25.37597,24.25744,24.92525
10/06/2020 15:53:00,25.22602,24.11026,24.90091
10/06/2020 15:54:00,25.33232,24.14391,24.91248
10/06/2020 15:55:00,25.63846,24.12516,24.93231
10/06/2020 15:56:00,26.42509,24.68353,24.97637
10/06/2020 15:57:00,26.84113,25.3376,24.88546
10/06/2020 15:58:00,26.76868,25.37435,24.95948
10/06/2020 15:59:00,26.93365,25.43916,25.08935
10/06/2020 16:00:00,26.91249,25.58058,25.4186
10/06/2020 16:01:00,26.52942,25.42856,25.26684
10/06/2020 16:02:00,25.96825,25.04618,24.98648
10/06/2020 16:03:00,25.89975,24.81218,24.86408
10/06/2020 16:04:00,26.2677,25.22199,25.11619
10/06/2020 16:05:00,25.79281,24.57328,24.84063
10/06/2020 16:06:00,25.96371,24.29989,24.72947
10/06/2020 16:07:00,25.96474,24.4941,24.71216
10/06/2020 16:08:00,26.15515,24.80256,24.72581
10/06/2020 16:09:00,25.92497,24.70525,24.75272
10/06/2020 16:10:00,25.40099,24.14081,24.76106
10/06/2020 16:11:00,25.59712,23.97306,24.6931
10/06/2020 16:12:00,25.99665,24.35523,24.70162
10/06/2020 16:13:00,26.00582,24.29995,24.62442
10/06/2020 16:14:00,26.08906,24.37839,24.59414
10/06/2020 16:15:00,26.34884,24.67377,24.53828
10/06/2020 16:16:00,26.39141,25.092,24.91879
10/06/2020 16:17:00,26.08508,24.98386,24.90916
10/06/2020 16:18:00,26.47398,25.15989,25.13492
10/06/2020 16:19:00,26.53536,25.24836,25.4096
10/06/2020 16:20:00,26.70035,25.23668,25.44312
10/06/2020 16:21:00,26.99465,25.60314,25.8398
10/06/2020 16:22:00,27.29069,25.76477,25.99328
10/06/2020 16:23:00,27.84147,26.1874,26.40081
10/06/2020 16:24:00,28.92756,27.15685,27.10996
10/06/2020 16:25:00,30.56684,28.43895,28.13264
10/06/2020 16:26:00,32.84167,29.57199,29.42949
10/06/2020 16:27:00,34.72165,31.43292,31.18177
10/06/2020 16:28:00,35.34077,32.96558,32.15765
10/06/2020 16:29:00,35.87518,33.55156,32.998
10/06/2020 16:30:00,36.41341,34.40279,33.93618
10/06/2020 16:31:00,36.69734,34.82771,34.50809
10/06/2020 16:32:00,36.72994,35.24309,34.87547
10/06/2020 16:33:00,36.25451,35.19331,34.70552
10/06/2020 16:34:00,35.80535,34.88268,34.76526
10/06/2020 16:35:00,36.00414,34.68311,34.80769
10/06/2020 16:36:00,36.29298,34.8626,34.886
10/06/2020 16:37:00,36.35937,35.04954,34.87964
10/06/2020 16:38:00,36.46894,35.04343,34.95569
10/06/2020 16:39:00,36.56675,35.24447,35.1002
10/06/2020 16:40:00,36.53513,35.23436,35.13389
10/06/2020 16:41:00,36.52724,35.1538,35.01731
10/06/2020 16:42:00,36.32941,35.14622,35.03403
10/06/2020 16:43:00,36.43662,34.96831,34.84137
10/06/2020 16:44:00,36.67202,35.09123,34.94782
10/06/2020 16:45:00,37.06612,35.37611,35.06565
10/06/2020 16:46:00,37.34929,35.78456,35.5447
10/06/2020 16:47:00,37.46021,35.98747,35.79873
10/06/2020 16:48:00,37.5386,36.14514,35.96447
10/06/2020 16:49:00,37.7521,36.31575,36.05688
10/06/2020 16:50:00,37.7394,36.45206,36.20551
10/06/2020 16:51:00,38.03002,36.5449,36.1442
10/06/2020 16:52:00,38.65357,36.86634,36.62152
