Time,V Hum,V Temp,SGS Hum,SGS Temp
13:28:14,43.5,20.5,37.5,20.5
13:28:14,43.6,20.5,37.5,20.5
13:28:16,43.6,20.5,37.6,20.5
13:28:16,43.6,20.5,37.6,20.5
13:28:18,43.6,20.5,37.6,20.5
13:28:19,43.6,20.5,37.6,20.5
13:28:19,43.6,20.5,37.6,20.5
13:28:20,43.6,20.5,37.6,20.5
13:28:21,43.6,20.5,37.6,20.5
13:28:23,43.6,20.5,37.6,20.5
13:28:24,43.6,20.5,37.6,20.5
13:28:25,43.6,20.5,37.6,20.5
13:28:26,43.6,20.5,37.6,20.5
13:28:27,43.6,20.5,37.8,20.5
13:28:27,43.6,20.5,37.8,20.5
13:28:29,43.6,20.5,37.8,20.5
13:28:29,43.6,20.5,37.8,20.5
13:28:30,43.6,20.5,37.8,20.5
13:28:31,43.7,20.5,37.8,20.5
13:28:32,43.7,20.5,37.8,20.5
13:28:34,43.7,20.5,37.8,20.5
13:28:34,43.7,20.5,37.9,20.5
13:28:36,43.7,20.5,37.9,20.5
13:28:37,43.7,20.5,37.9,20.5
13:28:37,43.7,20.5,37.9,20.5
13:28:39,43.7,20.5,37.9,20.5
13:28:40,43.7,20.5,38,20.5
13:28:40,43.7,20.5,38,20.5
13:28:42,43.7,20.5,38,20.5
13:28:42,43.7,20.5,38,20.5
13:28:43,43.7,20.5,38,20.5
13:28:44,43.7,20.5,38,20.5
13:28:46,43.7,20.5,38,20.5
13:28:47,43.7,20.5,38,20.5
13:28:48,43.8,20.5,38.1,20.5
13:28:49,43.8,20.5,38.1,20.5
13:28:50,43.8,20.5,38.1,20.5
13:28:51,43.8,20.5,38.1,20.5
13:28:52,43.8,20.5,38.1,20.5
13:28:52,43.8,20.5,38.1,20.5
13:28:54,43.8,20.5,38.1,20.5
13:28:55,43.8,20.5,38.2,20.5
13:28:55,43.8,20.5,38.2,20.5
13:28:56,43.8,20.5,38.2,20.5
13:28:57,43.8,20.5,38.2,20.5
13:28:58,43.8,20.5,38.2,20.5
13:29:00,43.8,20.5,38.2,20.5
13:29:00,43.8,20.5,38.2,20.5
13:29:01,43.8,20.5,38.2,20.5
13:29:02,43.8,20.5,38.4,20.5
13:29:03,43.8,20.5,38.4,20.5
13:29:05,43.9,20.5,38.4,20.5
13:29:05,43.9,20.5,38.4,20.5
13:29:06,43.9,20.5,38.4,20.5
13:29:07,43.9,20.5,38.4,20.5
13:29:09,43.9,20.5,38.4,20.5
13:29:09,43.9,20.5,38.4,20.5
13:29:10,43.9,20.5,38.4,20.5
13:29:11,43.9,20.5,38.4,20.5
13:29:13,43.9,20.5,38.4,20.5
13:29:13,43.9,20.5,38.5,20.5
13:29:15,43.9,20.5,38.4,20.5
13:29:16,43.9,20.5,38.4,20.5
13:29:16,43.9,20.5,38.4,20.5
13:29:18,43.9,20.5,38.4,20.5
13:29:18,43.9,20.5,38.4,20.5
13:29:19,43.9,20.5,38.4,20.5
13:29:20,43.9,20.5,38.4,20.5
13:29:22,43.9,20.5,38.2,20.5
13:29:23,43.9,20.5,38.2,20.5
13:29:24,43.9,20.5,38.2,20.5
13:29:25,43.9,20.5,38.2,20.5
13:29:25,43.8,20.5,38.2,20.5
13:29:27,43.8,20.5,38.1,20.5
13:29:28,43.8,20.5,38.1,20.5
13:29:28,43.8,20.5,38.1,20.6
13:29:30,43.8,20.5,38.1,20.6
13:29:30,43.8,20.5,38.1,20.6
13:29:32,43.8,20.5,38.1,20.5
13:29:33,43.7,20.5,38,20.5
13:29:34,43.7,20.5,38,20.5
13:29:35,43.7,20.5,38,20.5
13:29:36,43.7,20.5,38,20.5
13:29:37,43.7,20.5,38,20.5
13:29:38,43.7,20.5,38,20.5
13:29:39,43.7,20.5,38,20.5
13:29:40,43.7,20.5,38,20.5
13:29:40,43.7,20.5,38,20.5
13:29:42,43.6,20.5,38,20.5
13:29:42,43.6,20.5,38,20.5
13:29:44,43.6,20.5,38,20.5
13:29:45,43.6,20.5,37.9,20.6
13:29:45,43.6,20.5,37.9,20.6
13:29:47,43.6,20.5,37.9,20.6
13:29:48,43.6,20.5,37.9,20.6
13:29:49,43.6,20.5,37.9,20.6
13:29:50,43.6,20.5,37.9,20.6
13:29:50,43.6,20.5,37.9,20.5
13:29:51,43.6,20.5,37.9,20.5
13:29:53,43.5,20.5,37.8,20.5
13:29:54,43.5,20.5,37.8,20.5
13:29:55,43.5,20.5,37.8,20.5
13:29:55,43.5,20.5,37.8,20.5
13:29:57,43.5,20.5,37.6,20.5
13:29:58,43.5,20.5,37.6,20.5
13:29:59,43.5,20.5,37.6,20.5
13:29:59,43.5,20.5,37.6,20.5
13:30:01,43.4,20.5,37.5,20.5
13:30:01,43.4,20.5,37.5,20.5
13:30:03,43.4,20.5,37.5,20.5
13:30:04,43.4,20.5,37.4,20.5
13:30:04,43.4,20.5,37.4,20.5
13:30:05,43.4,20.5,37.4,20.6
13:30:06,43.3,20.5,37.4,20.5
13:30:07,43.3,20.5,37.4,20.5
13:30:09,43.3,20.5,37.4,20.5
13:30:10,43.3,20.5,37.4,20.5
13:30:11,43.3,20.5,37.3,20.5
13:30:12,43.3,20.5,37.3,20.5
13:30:12,43.2,20.5,37.3,20.5
13:30:14,43.2,20.5,37.3,20.5
13:30:15,43.2,20.5,37.3,20.5
13:30:16,43.2,20.5,37.3,20.5
13:30:17,43.2,20.5,37.2,20.5
13:30:18,43.2,20.5,37.2,20.5
13:30:18,43.2,20.5,37.2,20.5
13:30:19,43.2,20.5,37.2,20.5
13:30:21,43.1,20.5,37.2,20.5
13:30:22,43.1,20.5,37.2,20.6
13:30:22,43.1,20.5,37.2,20.5
13:30:24,43.1,20.5,37,20.5
13:30:24,43.1,20.5,37,20.5
13:30:25,43.1,20.5,37,20.5
13:30:26,43.1,20.5,36.9,20.5
13:30:28,43.1,20.5,36.9,20.6
13:30:29,43.1,20.5,36.9,20.6
13:30:30,43,20.5,36.8,20.6
13:30:30,43,20.5,36.8,20.6
13:30:32,43,20.5,36.7,20.5
13:30:33,43,20.5,36.7,20.5
13:30:34,42.9,20.5,36.7,20.5
13:30:35,42.9,20.5,36.7,20.5
13:30:35,42.9,20.5,36.7,20.5
13:30:37,42.9,20.5,36.7,20.5
13:30:38,42.8,20.5,36.6,20.5
13:30:38,42.8,20.5,36.6,20.6
13:30:40,42.8,20.5,36.6,20.6
13:30:41,42.8,20.5,36.6,20.6
13:30:42,42.8,20.5,36.6,20.6
13:30:43,42.8,20.5,36.6,20.6
13:30:43,42.8,20.5,36.6,20.6
13:30:45,42.7,20.5,36.6,20.6
13:30:45,42.7,20.5,36.4,20.5
13:30:47,42.7,20.5,36.4,20.6
13:30:47,42.7,20.5,36.4,20.5
13:30:48,42.7,20.5,36.4,20.5
13:30:50,42.7,20.5,36.3,20.5
13:30:50,42.7,20.5,36.3,20.5
13:30:52,42.7,20.5,36.3,20.5
13:30:53,42.7,20.5,36.2,20.5
13:30:53,42.6,20.5,36.2,20.5
13:30:55,42.6,20.5,36.2,20.6
13:30:55,42.6,20.5,36.2,20.6
13:30:57,42.6,20.5,36.2,20.5
13:30:58,42.6,20.5,36.2,20.5
13:30:59,42.6,20.5,36.2,20.5
13:31:00,42.6,20.5,36.1,20.5
13:31:00,42.6,20.5,36.1,20.5
13:31:02,42.5,20.5,36.1,20.5
13:31:02,42.5,20.5,36.1,20.5
13:31:04,42.5,20.5,36.1,20.5
13:31:04,42.5,20.5,36,20.5
13:31:05,42.5,20.5,36,20.5
13:31:07,42.5,20.5,36,20.5
13:31:08,42.5,20.5,36,20.5
13:31:09,42.4,20.5,35.8,20.5
13:31:10,42.4,20.5,35.8,20.5
13:31:11,42.4,20.5,35.8,20.5
13:31:12,42.4,20.5,35.7,20.5
13:31:13,42.4,20.5,35.7,20.5
13:31:13,42.4,20.5,35.7,20.5
13:31:14,42.3,20.5,35.7,20.5
13:31:16,42.3,20.5,35.6,20.5
13:31:17,42.3,20.5,35.6,20.5
13:31:17,42.3,20.5,35.6,20.5
13:31:18,42.3,20.5,35.5,20.5
13:31:20,42.3,20.5,35.5,20.5
13:31:21,42.2,20.5,35.5,20.5
13:31:21,42.2,20.5,35.4,20.5
13:31:22,42.2,20.5,35.4,20.5
13:31:23,42.2,20.5,35.4,20.5
13:31:24,42.2,20.5,35.2,20.5
13:31:26,42.1,20.5,35.2,20.5
13:31:27,42.1,20.5,35.2,20.5
13:31:28,42.1,20.5,35.1,20.5
13:31:29,42.1,20.5,35.1,20.5
13:31:29,42.1,20.5,35.1,20.5
13:31:31,42,20.5,35.1,20.5
13:31:32,42,20.5,35.1,20.5
13:31:32,42,20.5,35,20.5
13:31:34,42,20.5,35,20.5
13:31:34,42,20.5,35,20.6
13:31:36,41.9,20.5,35,20.6
13:31:36,41.9,20.5,34.9,20.6
13:31:37,41.9,20.5,34.9,20.5
13:31:38,41.9,20.5,34.9,20.5
13:31:39,41.9,20.5,34.9,20.5
13:31:41,41.8,20.5,34.8,20.5
13:31:42,41.8,20.5,34.8,20.5
13:31:43,41.8,20.5,34.8,20.5
13:31:44,41.8,20.5,34.8,20.5
13:31:44,41.8,20.5,34.8,20.5
13:31:46,41.8,20.5,34.6,20.5
13:31:47,41.8,20.5,34.6,20.5
13:31:47,41.8,20.5,34.6,20.5
13:31:49,41.7,20.5,34.6,20.5
13:31:49,41.7,20.5,34.6,20.5
13:31:51,41.7,20.5,34.6,20.5
13:31:52,41.7,20.5,34.5,20.5
13:31:52,41.7,20.5,34.5,20.5
13:31:53,41.7,20.5,34.5,20.5
13:31:54,41.7,20.5,34.5,20.5
13:31:56,41.7,20.5,34.4,20.5
13:31:56,41.7,20.5,34.4,20.5
13:31:58,41.7,20.5,34.4,20.5
13:31:59,41.7,20.5,34.4,20.5
13:32:00,41.6,20.5,34.4,20.5
13:32:01,41.6,20.5,34.4,20.5
13:32:02,41.6,20.5,34.3,20.5
13:32:03,41.6,20.5,34.3,20.5
13:32:04,41.6,20.5,34.3,20.5
13:32:05,41.6,20.5,34.3,20.5
13:32:06,41.6,20.5,34.3,20.5
13:32:07,41.6,20.5,34.3,20.5
13:32:08,41.5,20.5,34.2,20.5
13:32:09,41.5,20.5,34.2,20.5
13:32:10,41.5,20.5,34.2,20.5
13:32:11,41.5,20.5,34.2,20.5
13:32:12,41.5,20.5,34.2,20.5
13:32:12,41.5,20.5,34.2,20.5
13:32:13,41.5,20.5,34.2,20.5
13:32:15,41.5,20.5,34.2,20.5
13:32:15,41.5,20.5,34,20.5
13:32:17,41.5,20.5,34,20.5
13:32:18,41.5,20.5,34,20.5
13:32:19,41.5,20.5,34,20.5
13:32:20,41.5,20.5,34,20.5
13:32:21,41.4,20.5,34,20.5
13:32:22,41.4,20.5,34,20.5
13:32:23,41.4,20.5,34,20.5
13:32:24,41.4,20.5,34,20.5
13:32:25,41.4,20.5,33.9,20.5
13:32:25,41.4,20.5,33.9,20.5
13:32:27,41.4,20.5,33.9,20.5
13:32:27,41.4,20.5,33.9,20.5
13:32:29,41.4,20.5,33.9,20.5
13:32:29,41.4,20.5,33.9,20.5
13:32:31,41.4,20.5,33.8,20.5
13:32:32,41.4,20.5,33.8,20.5
13:32:33,41.4,20.5,33.8,20.5
13:32:33,41.3,20.5,33.8,20.5
13:32:35,41.3,20.5,33.8,20.5
13:32:36,41.3,20.5,33.7,20.5
13:32:36,41.3,20.5,33.7,20.5
13:32:38,41.3,20.5,33.7,20.5
13:32:39,41.3,20.5,33.7,20.5
13:32:40,41.3,20.5,33.7,20.5
13:32:41,41.3,20.5,33.7,20.5
13:32:42,41.3,20.5,33.6,20.5
13:32:43,41.3,20.5,33.6,20.5
13:32:43,41.2,20.5,33.6,20.5
13:32:45,41.2,20.5,33.4,20.5
13:32:46,41.2,20.5,33.4,20.5
13:32:46,41.2,20.5,33.3,20.5
13:32:48,41.2,20.5,33.3,20.5
13:32:48,41.2,20.5,33.3,20.5
13:32:50,41.1,20.5,33.2,20.6
13:32:51,41.1,20.5,33.2,20.5
13:32:51,41.1,20.5,33.2,20.5
13:32:52,41,20.5,33.1,20.5
13:32:53,41,20.5,33.1,20.5
13:32:55,41,20.6,33,20.5
13:32:55,41,20.6,33,20.5
13:32:56,40.9,20.5,33,20.5
13:32:57,40.9,20.6,33,20.5
13:32:59,40.9,20.5,32.8,20.5
13:32:59,40.9,20.5,32.8,20.5
13:33:01,40.9,20.5,32.7,20.5
13:33:02,40.8,20.5,32.7,20.5
13:33:03,40.8,20.5,32.7,20.5
13:33:04,40.8,20.5,32.7,20.5
13:33:04,40.8,20.5,32.6,20.5
13:33:06,40.8,20.5,32.6,20.5
13:33:06,40.7,20.5,32.6,20.5
13:33:07,40.7,20.6,32.6,20.5
13:33:08,40.7,20.6,32.5,20.5
13:33:10,40.7,20.6,32.5,20.5
13:33:11,40.7,20.6,32.5,20.5
13:33:11,40.7,20.6,32.5,20.5
13:33:13,40.6,20.6,32.5,20.5
13:33:14,40.6,20.6,32.5,20.5
13:33:14,40.6,20.6,32.5,20.5
13:33:16,40.6,20.6,32.4,20.5
13:33:17,40.6,20.6,32.4,20.5
13:33:17,40.6,20.6,32.4,20.5
13:33:19,40.6,20.6,32.2,20.5
13:33:20,40.6,20.6,32.2,20.5
13:33:21,40.5,20.6,32.2,20.5
13:33:22,40.5,20.6,32.1,20.5
13:33:23,40.5,20.6,32.1,20.5
13:33:24,40.5,20.6,32.1,20.5
13:33:25,40.5,20.6,32,20.5
13:33:25,40.5,20.6,32,20.5
13:33:26,40.4,20.6,32,20.5
13:33:28,40.4,20.6,32,20.5
13:33:29,40.4,20.6,32,20.5
13:33:30,40.4,20.6,31.9,20.6
13:33:31,40.4,20.6,31.9,20.6
13:33:32,40.4,20.6,31.9,20.5
13:33:33,40.4,20.6,31.9,20.5
13:33:34,40.3,20.6,31.9,20.5
13:33:35,40.3,20.6,31.8,20.5
13:33:35,40.3,20.6,31.8,20.5
13:33:37,40.3,20.6,31.8,20.5
13:33:38,40.3,20.6,31.8,20.6
13:33:39,40.3,20.6,31.6,20.5
13:33:40,40.3,20.6,31.6,20.5
13:33:40,40.3,20.6,31.6,20.5
13:33:42,40.3,20.6,31.5,20.5
13:33:43,40.2,20.6,31.5,20.5
13:33:44,40.2,20.6,31.5,20.5
13:33:45,40.2,20.6,31.4,20.5
13:33:46,40.2,20.6,31.4,20.5
13:33:47,40.1,20.6,31.4,20.5
13:33:47,40.1,20.6,31.3,20.5
13:33:49,40.1,20.6,31.3,20.5
13:33:50,40.1,20.6,31.3,20.5
13:33:51,40.1,20.6,31.2,20.5
13:33:51,40,20.6,31.2,20.5
13:33:52,40,20.6,31.2,20.5
13:33:54,40,20.6,31.2,20.5
13:33:55,40,20.6,31.2,20.5
13:33:55,40,20.6,31.2,20.5
13:33:56,40,20.6,31,20.5
13:33:58,40,20.6,31,20.5
13:33:59,39.9,20.6,31,20.5
13:33:59,39.9,20.6,31,20.5
13:34:01,39.9,20.6,30.9,20.6
13:34:01,39.9,20.6,30.9,20.6
13:34:03,39.9,20.6,30.9,20.5
13:34:03,39.9,20.6,30.9,20.5
13:34:05,39.9,20.6,30.8,20.5
13:34:06,39.8,20.6,30.8,20.5
13:34:07,39.8,20.6,30.8,20.5
13:34:08,39.8,20.6,30.7,20.5
13:34:08,39.8,20.6,30.7,20.5
13:34:10,39.8,20.6,30.7,20.5
13:34:10,39.8,20.6,30.7,20.5
13:34:12,39.7,20.6,30.6,20.5
13:34:13,39.7,20.6,30.6,20.5
13:34:14,39.7,20.6,30.6,20.5
13:34:15,39.7,20.6,30.6,20.5
13:34:15,39.7,20.6,30.6,20.5
13:34:16,39.7,20.6,30.4,20.5
13:34:18,39.7,20.6,30.4,20.5
13:34:18,39.6,20.6,30.4,20.5
13:34:19,39.6,20.6,30.3,20.5
13:34:21,39.6,20.6,30.3,20.5
13:34:22,39.6,20.6,30.3,20.5
13:34:23,39.6,20.6,30.3,20.5
13:34:24,39.6,20.6,30.2,20.5
13:34:25,39.5,20.6,30.2,20.5
13:34:26,39.5,20.6,30.2,20.5
13:34:27,39.5,20.6,30.2,20.5
13:34:27,39.5,20.6,30.2,20.5
13:34:29,39.5,20.6,30.2,20.5
13:34:30,39.5,20.6,30.2,20.5
13:34:31,39.5,20.6,30.1,20.5
13:34:32,39.5,20.6,30.1,20.5
13:34:33,39.5,20.6,30.1,20.5
13:34:34,39.5,20.6,30.1,20.5
13:34:35,39.5,20.6,30.1,20.5
13:34:36,39.4,20.6,30.1,20.5
13:34:37,39.4,20.6,30.1,20.5
13:34:38,39.4,20.6,30.1,20.5
13:34:38,39.4,20.6,30.1,20.5
13:34:40,39.4,20.6,30.1,20.6
13:34:41,39.4,20.6,30.1,20.6
13:34:41,39.4,20.6,30.1,20.6
13:34:42,39.4,20.6,30.1,20.6
13:34:44,39.4,20.6,30.1,20.5
13:34:45,39.4,20.6,30.1,20.5
13:34:46,39.4,20.6,30.1,20.6
13:34:47,39.4,20.6,30,20.5
13:34:47,39.4,20.6,30,20.5
13:34:48,39.4,20.6,30,20.5
13:34:50,39.4,20.6,30,20.5
13:34:51,39.4,20.6,30,20.5
13:34:52,39.4,20.6,30,20.5
13:34:53,39.4,20.6,30,20.5
13:34:54,39.4,20.6,30,20.5
13:34:55,39.4,20.6,30,20.5
13:34:56,39.4,20.6,29.8,20.5
13:34:57,39.4,20.6,29.8,20.6
13:34:57,39.4,20.6,29.8,20.6
13:34:59,39.4,20.6,29.8,20.6
13:35:00,39.4,20.6,29.8,20.6
13:35:01,39.4,20.6,29.8,20.6
13:35:02,39.4,20.6,29.8,20.5
13:35:03,39.4,20.6,29.8,20.5
13:35:04,39.4,20.6,29.7,20.5
13:35:04,39.3,20.6,29.7,20.5
13:35:06,39.3,20.6,29.7,20.5
13:35:06,39.3,20.6,29.7,20.5
13:35:08,39.3,20.6,29.6,20.5
13:35:08,39.3,20.6,29.6,20.5
13:35:09,39.3,20.6,29.6,20.5
13:35:11,39.3,20.6,29.6,20.5
13:35:12,39.3,20.6,29.6,20.5
13:35:13,39.3,20.6,29.6,20.5
13:35:14,39.3,20.6,29.5,20.5
13:35:15,39.3,20.6,29.5,20.5
13:35:16,39.2,20.6,29.5,20.5
13:35:16,39.2,20.6,29.5,20.5
13:35:17,39.2,20.6,29.4,20.5
13:35:18,39.2,20.6,29.4,20.5
13:35:19,39.2,20.6,29.4,20.5
13:35:21,39.2,20.6,29.4,20.5
13:35:22,39.2,20.6,29.4,20.5
13:35:23,39.2,20.6,29.4,20.5
13:35:24,39.1,20.6,29.4,20.5
13:35:25,39.1,20.6,29.4,20.5
13:35:25,39.1,20.6,29.4,20.5
13:35:27,39.1,20.6,29.4,20.5
13:35:28,39.1,20.6,29.2,20.6
13:35:29,39.1,20.6,29.2,20.6
13:35:30,39.1,20.6,29.2,20.6
13:35:30,39.1,20.6,29.2,20.5
13:35:31,39.1,20.6,29.2,20.5
13:35:33,39.1,20.6,29.2,20.5
13:35:34,39.1,20.6,29.2,20.5
13:35:35,39.1,20.6,29.2,20.5
13:35:36,39,20.6,29.2,20.5
13:35:37,39,20.6,29.1,20.5
13:35:38,39,20.6,29.1,20.5
13:35:39,39,20.6,29.1,20.5
13:35:40,39,20.6,29.1,20.5
13:35:41,39,20.6,29,20.5
13:35:42,39,20.6,29,20.5
13:35:43,39,20.6,29,20.5
13:35:43,39,20.6,29,20.5
13:35:45,39,20.6,28.9,20.5
13:35:46,39,20.6,28.9,20.5
13:35:47,38.9,20.6,28.9,20.5
13:35:48,38.9,20.6,28.9,20.5
13:35:48,38.9,20.6,28.8,20.5
13:35:50,38.9,20.6,28.8,20.5
13:35:51,38.9,20.6,28.8,20.5
13:35:51,38.9,20.6,28.6,20.5
13:35:53,38.9,20.6,28.6,20.6
13:35:53,38.8,20.6,28.6,20.5
13:35:54,38.8,20.6,28.6,20.5
13:35:56,38.8,20.6,28.5,20.5
13:35:56,38.8,20.6,28.5,20.5
13:35:57,38.8,20.6,28.5,20.5
13:35:58,38.8,20.6,28.5,20.5
13:35:59,38.8,20.6,28.5,20.5
13:36:01,38.7,20.6,28.4,20.5
13:36:01,38.7,20.6,28.4,20.5
13:36:02,38.7,20.6,28.4,20.5
13:36:03,38.7,20.6,28.4,20.5
13:36:05,38.7,20.6,28.3,20.6
13:36:06,38.7,20.6,28.3,20.6
13:36:07,38.7,20.6,28.3,20.6
13:36:08,38.6,20.6,28.3,20.6
13:36:09,38.6,20.6,28.2,20.5
13:36:10,38.6,20.6,28.2,20.5
13:36:11,38.6,20.6,28.2,20.5
13:36:12,38.6,20.6,28.2,20.5
13:36:13,38.6,20.6,28.2,20.5
13:36:14,38.6,20.6,28.2,20.5
13:36:14,38.5,20.6,28,20.5
13:36:16,38.5,20.6,28,20.5
13:36:16,38.5,20.6,28,20.5
13:36:17,38.5,20.6,28,20.5
13:36:19,38.5,20.6,28,20.6
13:36:20,38.5,20.6,28,20.6
13:36:20,38.5,20.6,28,20.6
13:36:22,38.5,20.6,27.9,20.6
13:36:23,38.5,20.6,27.9,20.6
13:36:24,38.5,20.6,27.9,20.6
13:36:25,38.5,20.6,27.9,20.6
13:36:26,38.4,20.6,27.9,20.6
13:36:27,38.4,20.6,27.9,20.6
13:36:27,38.4,20.6,27.9,20.6
13:36:29,38.4,20.6,27.9,20.6
13:36:30,38.4,20.6,27.9,20.6
13:36:31,38.4,20.6,27.9,20.6
13:36:32,38.4,20.6,27.8,20.6
13:36:33,38.4,20.6,27.8,20.5
13:36:33,38.4,20.6,27.8,20.5
13:36:35,38.4,20.6,27.8,20.5
13:36:36,38.4,20.6,27.8,20.5
13:36:37,38.4,20.6,27.8,20.5
13:36:38,38.4,20.6,27.8,20.5
13:36:39,38.4,20.6,27.8,20.5
13:36:40,38.4,20.6,27.8,20.5
13:36:40,38.4,20.6,27.8,20.5
13:36:42,38.3,20.6,27.7,20.5
13:36:43,38.3,20.6,27.7,20.5
13:36:44,38.3,20.6,27.7,20.5
13:36:45,38.3,20.6,27.7,20.5
13:36:46,38.3,20.6,27.6,20.5
13:36:46,38.3,20.6,27.6,20.5
13:36:48,38.3,20.6,27.6,20.5
13:36:49,38.3,20.6,27.6,20.5
13:36:50,38.3,20.6,27.4,20.5
13:36:51,38.3,20.6,27.4,20.5
13:36:52,38.3,20.6,27.4,20.6
13:36:53,38.2,20.6,27.4,20.6
13:36:54,38.2,20.6,27.3,20.6
13:36:55,38.2,20.6,27.3,20.5
13:36:56,38.2,20.6,27.3,20.5
13:36:57,38.2,20.6,27.3,20.5
13:36:58,38.2,20.6,27.3,20.5
13:36:59,38.2,20.6,27.3,20.5
13:37:00,38.2,20.6,27.3,20.5
13:37:01,38.2,20.6,27.3,20.6
13:37:02,38.1,20.6,27.3,20.6
13:37:03,38.1,20.6,27.2,20.6
13:37:04,38.1,20.6,27.2,20.5
13:37:05,38.1,20.6,27.2,20.5
13:37:06,38.1,20.6,27.2,20.5
13:37:07,38.1,20.6,27.2,20.5
13:37:08,38.1,20.6,27.2,20.5
13:37:09,38.1,20.6,27.2,20.5
13:37:10,38.1,20.6,27.2,20.5
13:37:11,38.1,20.6,27.2,20.5
13:37:12,38.1,20.6,27.2,20.5
13:37:13,38.1,20.6,27.2,20.5
13:37:13,38.1,20.6,27.2,20.5
13:37:15,38.1,20.6,27.2,20.5
13:37:15,38.1,20.6,27.2,20.6
13:37:17,38.1,20.6,27.2,20.5
13:37:18,38.1,20.6,27.2,20.5
13:37:19,38.1,20.6,27.2,20.5
13:37:20,38.1,20.6,27.2,20.5
13:37:20,38.1,20.6,27.2,20.5
13:37:22,38.1,20.6,27.1,20.5
13:37:23,38.1,20.6,27.1,20.5
13:37:23,38.1,20.6,27.1,20.6
13:37:25,38.1,20.6,27.1,20.5
13:37:26,38.1,20.6,27.1,20.5
13:37:27,38.1,20.6,27.1,20.6
13:37:28,38.1,20.6,27.1,20.5
13:37:29,38,20.6,27.1,20.5
13:37:30,38,20.6,27.1,20.5
13:37:31,38,20.6,27.1,20.5
13:37:32,38,20.6,27,20.5
13:37:33,38,20.6,27,20.5
13:37:33,38,20.6,27,20.5
13:37:34,38,20.6,27,20.5
13:37:36,38,20.6,27,20.5
13:37:36,38,20.6,27,20.5
13:37:37,38,20.6,27,20.5
13:37:39,38,20.6,27,20.5
13:37:40,38,20.6,27,20.6
13:37:41,38,20.6,27,20.6
13:37:42,38,20.6,27,20.6
13:37:43,38,20.6,27,20.6
13:37:44,38,20.6,27,20.6
13:37:44,38,20.6,27,20.5
13:37:46,38,20.6,27,20.6
13:37:46,38,20.6,27,20.5
13:37:47,38,20.6,27,20.5
13:37:49,38,20.6,27,20.5
13:37:50,38,20.6,27,20.5
13:37:51,38,20.6,27,20.5
13:37:52,38,20.6,27,20.5
13:37:53,38,20.6,27,20.5
13:37:54,38,20.6,27,20.5
13:37:54,38,20.6,27,20.5
13:37:56,38,20.6,27,20.6
13:37:57,38,20.6,27,20.6
13:37:57,38,20.6,27,20.6
13:37:59,38,20.6,27,20.5
13:38:00,38,20.6,27,20.5
13:38:00,38,20.6,27,20.5
13:38:02,38,20.6,27,20.5
13:38:03,38,20.6,27,20.6
13:38:04,38,20.6,27,20.6
13:38:04,38,20.6,27,20.6
13:38:06,38,20.6,27,20.6
13:38:07,38,20.6,27,20.5
13:38:08,38,20.6,27,20.5
13:38:09,38,20.6,27,20.5
13:38:10,38,20.6,27,20.5
13:38:11,38,20.6,27,20.5
13:38:12,38,20.6,26.8,20.5
13:38:13,38,20.6,26.8,20.6
13:38:14,38,20.6,26.8,20.5
13:38:14,38,20.6,26.8,20.6
13:38:16,38,20.6,26.7,20.5
13:38:17,38,20.6,26.7,20.5
13:38:17,38,20.6,26.7,20.5
13:38:19,37.9,20.6,26.7,20.5
13:38:20,37.9,20.6,26.7,20.5
13:38:20,37.9,20.6,26.7,20.5
13:38:22,37.9,20.6,26.7,20.5
13:38:23,37.9,20.6,26.6,20.5
13:38:24,37.9,20.6,26.6,20.5
13:38:25,37.9,20.6,26.6,20.5
13:38:26,37.9,20.6,26.6,20.5
13:38:27,37.9,20.6,26.6,20.5
13:38:27,37.9,20.6,26.6,20.5
13:38:29,37.9,20.6,26.6,20.5
13:38:30,37.9,20.6,26.6,20.5
13:38:31,37.8,20.6,26.5,20.5
13:38:32,37.8,20.6,26.5,20.5
13:38:32,37.8,20.6,26.5,20.5
13:38:34,37.8,20.6,26.5,20.5
13:38:35,37.8,20.6,26.5,20.5
13:38:36,37.8,20.6,26.5,20.5
13:38:37,37.8,20.6,26.5,20.5
13:38:38,37.8,20.6,26.5,20.5
13:38:39,37.8,20.6,26.5,20.5
13:38:40,37.8,20.6,26.5,20.5
13:38:40,37.8,20.6,26.5,20.5
13:38:42,37.8,20.6,26.5,20.5
13:38:43,37.8,20.6,26.5,20.5
13:38:44,37.8,20.6,26.5,20.5
13:38:45,37.8,20.6,26.5,20.5
13:38:45,37.8,20.6,26.5,20.5
13:38:47,37.8,20.6,26.5,20.5
13:38:48,37.8,20.6,26.4,20.5
13:38:48,37.8,20.6,26.4,20.5
13:38:50,37.8,20.6,26.4,20.6
13:38:51,37.8,20.6,26.4,20.6
13:38:52,37.7,20.6,26.4,20.6
13:38:53,37.7,20.6,26.4,20.6
13:38:54,37.7,20.6,26.4,20.5
13:38:55,37.7,20.6,26.4,20.5
13:38:56,37.7,20.6,26.4,20.5
13:38:57,37.7,20.6,26.4,20.5
13:38:58,37.7,20.6,26.4,20.5
13:38:59,37.7,20.6,26.4,20.5
13:39:00,37.7,20.6,26.4,20.5
13:39:01,37.7,20.6,26.4,20.5
13:39:02,37.7,20.6,26.4,20.5
13:39:03,37.7,20.6,26.4,20.5
13:39:04,37.7,20.6,26.4,20.5
13:39:05,37.7,20.6,26.4,20.6
13:39:06,37.7,20.6,26.2,20.6
13:39:07,37.7,20.6,26.2,20.6
13:39:08,37.7,20.6,26.2,20.6
13:39:09,37.7,20.6,26.2,20.5
13:39:10,37.7,20.6,26.2,20.5
13:39:11,37.7,20.6,26.2,20.5
13:39:12,37.7,20.6,26.2,20.5
13:39:13,37.7,20.6,26.2,20.5
13:39:14,37.7,20.6,26.2,20.5
13:39:15,37.7,20.6,26.2,20.5
13:39:16,37.7,20.6,26.2,20.5
13:39:17,37.7,20.6,26.2,20.5
13:39:18,37.7,20.6,26.2,20.5
13:39:19,37.6,20.6,26.1,20.5
13:39:20,37.6,20.6,26.1,20.5
13:39:21,37.6,20.6,26.1,20.5
13:39:22,37.6,20.6,26.1,20.5
13:39:23,37.6,20.6,26.1,20.5
13:39:24,37.6,20.6,26.1,20.5
13:39:25,37.6,20.6,26.1,20.5
13:39:26,37.6,20.6,26.1,20.6
13:39:26,37.6,20.6,26.1,20.6
13:39:28,37.6,20.6,26.1,20.5
13:39:29,37.6,20.6,26.1,20.6
13:39:29,37.6,20.6,26.1,20.6
13:39:31,37.6,20.6,26.1,20.6
13:39:32,37.6,20.6,26.1,20.6
13:39:33,37.6,20.6,26.1,20.5
13:39:34,37.6,20.6,26.1,20.5
13:39:34,37.6,20.6,26.1,20.5
13:39:36,37.6,20.6,26.1,20.5
13:39:37,37.6,20.6,26.1,20.5
13:39:38,37.6,20.6,26.1,20.6
13:39:39,37.6,20.6,26.1,20.6
13:39:40,37.6,20.6,26.1,20.6
13:39:41,37.6,20.6,26.1,20.6
13:39:42,37.6,20.6,26.2,20.6
13:39:43,37.6,20.6,26.2,20.5
13:39:44,37.6,20.6,26.2,20.5
13:39:44,37.6,20.6,26.2,20.5
13:39:46,37.6,20.6,26.2,20.5
13:39:47,37.6,20.6,26.2,20.5
13:39:47,37.6,20.6,26.2,20.5
13:39:49,37.6,20.6,26.2,20.5
13:39:50,37.6,20.6,26.2,20.5
13:39:51,37.6,20.6,26.2,20.5
13:39:52,37.6,20.6,26.2,20.5
13:39:53,37.6,20.6,26.2,20.5
13:39:54,37.7,20.6,26.2,20.6
13:39:55,37.7,20.6,26.2,20.6
13:39:56,37.7,20.6,26.2,20.6
13:39:57,37.7,20.6,26.2,20.6
13:39:58,37.7,20.6,26.2,20.6
13:39:59,37.7,20.6,26.2,20.6
13:40:00,37.7,20.6,26.2,20.6
13:40:01,37.7,20.6,26.2,20.5
13:40:02,37.7,20.6,26.4,20.5
13:40:03,37.7,20.6,26.4,20.5
13:40:04,37.7,20.6,26.4,20.5
13:40:05,37.7,20.6,26.4,20.5
13:40:05,37.7,20.6,26.4,20.6
13:40:07,37.7,20.6,26.4,20.5
13:40:08,37.7,20.6,26.4,20.6
13:40:08,37.7,20.6,26.5,20.5
13:40:10,37.7,20.6,26.5,20.5
13:40:10,37.8,20.6,26.5,20.6
13:40:12,37.8,20.6,26.5,20.6
13:40:13,37.8,20.6,26.5,20.6
13:40:14,37.8,20.6,26.5,20.6
13:40:15,37.8,20.6,26.5,20.6
13:40:15,37.8,20.6,26.5,20.6
13:40:17,37.8,20.6,26.5,20.6
13:40:18,37.8,20.6,26.6,20.5
13:40:19,37.8,20.6,26.6,20.5
13:40:20,37.8,20.6,26.6,20.5
13:40:20,37.8,20.6,26.6,20.6
13:40:22,37.8,20.6,26.6,20.5
13:40:23,37.8,20.6,26.6,20.5
13:40:23,37.8,20.6,26.6,20.5
13:40:25,37.8,20.6,26.6,20.5
13:40:26,37.9,20.6,26.6,20.5
13:40:27,37.9,20.6,26.6,20.5
13:40:28,37.9,20.6,26.6,20.6
13:40:29,37.9,20.6,26.6,20.6
13:40:30,37.9,20.6,26.6,20.6
13:40:31,37.9,20.6,26.6,20.6
13:40:32,37.9,20.6,26.6,20.6
13:40:33,37.9,20.6,26.6,20.6
13:40:33,37.9,20.6,26.6,20.6
13:40:34,37.9,20.6,26.6,20.6
13:40:36,37.9,20.6,26.6,20.6
13:40:37,37.9,20.6,26.7,20.6
13:40:37,37.9,20.6,26.7,20.6
13:40:39,37.9,20.6,26.7,20.6
13:40:40,37.9,20.6,26.7,20.6
13:40:41,37.9,20.6,26.7,20.6
13:40:42,37.9,20.6,26.7,20.5
13:40:42,37.9,20.6,26.7,20.5
13:40:44,37.9,20.6,26.7,20.5
13:40:45,37.9,20.6,26.7,20.5
13:40:46,37.9,20.6,26.7,20.5
13:40:47,37.9,20.6,26.7,20.6
13:40:48,37.9,20.6,26.7,20.6
13:40:49,37.9,20.6,26.7,20.6
13:40:50,37.9,20.6,26.7,20.5
13:40:51,37.9,20.6,26.7,20.5
13:40:52,37.9,20.6,26.7,20.5
13:40:53,37.9,20.6,26.7,20.5
13:40:54,38,20.6,26.7,20.5
13:40:55,38,20.6,26.8,20.5
13:40:56,38,20.6,26.8,20.5
13:40:57,38,20.6,26.8,20.5
13:40:58,38,20.6,26.8,20.6
13:40:59,38,20.6,27,20.5
13:41:00,38,20.6,27,20.5
13:41:01,38,20.6,27,20.6
13:41:02,38,20.6,27,20.6
13:41:03,38,20.6,27,20.6
13:41:04,38.1,20.6,27.1,20.6
13:41:04,38.1,20.6,27.1,20.6
13:41:05,38.1,20.6,27.1,20.6
13:41:06,38.1,20.6,27.1,20.6
13:41:08,38.1,20.6,27.1,20.5
13:41:09,38.1,20.6,27.1,20.5
13:41:10,38.1,20.6,27.2,20.5
13:41:11,38.1,20.6,27.2,20.5
13:41:12,38.1,20.6,27.2,20.6
13:41:12,38.2,20.6,27.2,20.6
13:41:14,38.2,20.6,27.2,20.6
13:41:15,38.2,20.6,27.2,20.6
13:41:16,38.2,20.6,27.3,20.6
13:41:17,38.2,20.6,27.3,20.6
13:41:18,38.2,20.6,27.3,20.6
13:41:18,38.2,20.6,27.3,20.6
13:41:20,38.2,20.6,27.3,20.6
13:41:21,38.3,20.6,27.3,20.6
13:41:22,38.3,20.6,27.4,20.6
13:41:23,38.3,20.6,27.4,20.6
13:41:24,38.3,20.6,27.4,20.6
13:41:25,38.3,20.6,27.4,20.6
13:41:26,38.3,20.6,27.4,20.6
13:41:27,38.3,20.6,27.4,20.6
13:41:28,38.3,20.6,27.4,20.6
13:41:29,38.3,20.6,27.4,20.6
13:41:30,38.3,20.6,27.4,20.6
13:41:31,38.3,20.6,27.4,20.5
13:41:32,38.3,20.6,27.4,20.6
13:41:33,38.3,20.6,27.4,20.6
13:41:34,38.3,20.6,27.4,20.6
13:41:35,38.3,20.6,27.4,20.5
13:41:36,38.3,20.6,27.4,20.6
13:41:37,38.3,20.6,27.4,20.6
13:41:38,38.3,20.6,27.4,20.6
13:41:39,38.3,20.6,27.4,20.6
13:41:40,38.3,20.6,27.4,20.6
13:41:41,38.3,20.6,27.4,20.6
13:41:41,38.3,20.6,27.4,20.6
13:41:43,38.3,20.6,27.4,20.6
13:41:44,38.3,20.6,27.4,20.6
13:41:44,38.3,20.6,27.4,20.6
13:41:46,38.3,20.6,27.4,20.6
13:41:47,38.3,20.6,27.4,20.6
13:41:47,38.3,20.6,27.4,20.6
13:41:49,38.3,20.6,27.4,20.6
13:41:49,38.3,20.6,27.4,20.6
13:41:51,38.3,20.6,27.4,20.6
13:41:52,38.3,20.6,27.4,20.6
13:41:53,38.3,20.6,27.4,20.6
13:41:54,38.3,20.6,27.4,20.6
13:41:55,38.3,20.6,27.4,20.6
13:41:56,38.3,20.6,27.4,20.6
13:41:57,38.3,20.6,27.4,20.6
13:41:58,38.3,20.6,27.4,20.6
13:41:59,38.3,20.6,27.4,20.6
13:42:00,38.3,20.6,27.4,20.6
13:42:00,38.3,20.6,27.4,20.6
13:42:02,38.4,20.6,27.4,20.6
13:42:03,38.4,20.6,27.4,20.6
13:42:04,38.4,20.6,27.4,20.6
13:42:05,38.3,20.6,27.4,20.6
13:42:06,38.4,20.6,27.4,20.5
13:42:07,38.3,20.6,27.4,20.5
13:42:08,38.3,20.6,27.4,20.5
13:42:09,38.3,20.6,27.4,20.5
13:42:10,38.4,20.6,27.4,20.5
13:42:11,38.4,20.6,27.6,20.5
13:42:12,38.4,20.6,27.6,20.6
13:42:13,38.4,20.6,27.6,20.5
13:42:14,38.4,20.6,27.6,20.5
13:42:15,38.4,20.6,27.6,20.5
13:42:16,38.4,20.6,27.6,20.6
13:42:17,38.4,20.6,27.6,20.6
13:42:18,38.4,20.6,27.6,20.6
13:42:19,38.4,20.6,27.6,20.6
13:42:20,38.4,20.6,27.7,20.6
13:42:21,38.4,20.6,27.7,20.6
13:42:22,38.4,20.6,27.7,20.6
13:42:22,38.4,20.6,27.7,20.6
13:42:24,38.4,20.6,27.7,20.6
13:42:24,38.4,20.6,27.7,20.6
13:42:26,38.4,20.6,27.7,20.6
13:42:27,38.4,20.6,27.7,20.6
13:42:27,38.4,20.6,27.8,20.6
13:42:29,38.5,20.6,27.8,20.6
13:42:30,38.5,20.6,27.8,20.6
13:42:31,38.5,20.6,27.8,20.6
13:42:32,38.5,20.6,27.8,20.6
13:42:33,38.5,20.6,27.8,20.6
13:42:34,38.5,20.6,27.8,20.6
13:42:35,38.5,20.6,27.9,20.6
13:42:36,38.5,20.6,27.9,20.6
13:42:37,38.5,20.6,27.9,20.6
13:42:38,38.5,20.6,27.9,20.6
13:42:39,38.5,20.6,27.9,20.6
13:42:40,38.5,20.6,27.9,20.6
13:42:41,38.5,20.6,27.9,20.6
13:42:42,38.6,20.6,27.9,20.6
13:42:43,38.6,20.6,27.9,20.6
13:42:44,38.6,20.6,27.9,20.6
13:42:45,38.6,20.6,28,20.6
13:42:45,38.6,20.6,28,20.6
13:42:47,38.6,20.6,28,20.6
13:42:48,38.6,20.6,28,20.6
13:42:49,38.6,20.6,28,20.6
13:42:50,38.6,20.6,28.2,20.6
13:42:51,38.6,20.6,28.2,20.6
13:42:52,38.6,20.6,28.2,20.6
13:42:53,38.7,20.6,28.2,20.6
13:42:54,38.7,20.6,28.2,20.6
13:42:55,38.7,20.6,28.2,20.6
13:42:56,38.7,20.6,28.3,20.6
13:42:57,38.7,20.6,28.3,20.6
13:42:58,38.7,20.6,28.3,20.6
13:42:59,38.7,20.6,28.4,20.6
13:43:00,38.7,20.6,28.4,20.6
13:43:01,38.8,20.6,28.4,20.6
13:43:02,38.8,20.6,28.4,20.6
13:43:03,38.8,20.6,28.4,20.6
13:43:04,38.8,20.6,28.4,20.5
13:43:05,38.8,20.6,28.4,20.6
13:43:05,38.8,20.6,28.4,20.6
13:43:07,38.8,20.6,28.4,20.6
13:43:08,38.8,20.6,28.5,20.6
13:43:09,38.8,20.6,28.5,20.6
13:43:10,38.8,20.6,28.5,20.6
13:43:11,38.8,20.6,28.5,20.6
13:43:12,38.8,20.6,28.5,20.6
13:43:13,38.8,20.6,28.5,20.6
13:43:14,38.8,20.6,28.5,20.6
13:43:15,38.8,20.6,28.5,20.6
13:43:16,38.8,20.6,28.5,20.6
13:43:16,38.8,20.6,28.5,20.6
13:43:18,38.9,20.6,28.5,20.6
13:43:19,38.9,20.6,28.5,20.6
13:43:20,38.9,20.6,28.5,20.6
13:43:21,38.9,20.6,28.5,20.6
13:43:22,38.9,20.6,28.5,20.6
13:43:23,38.9,20.6,28.5,20.6
13:43:24,38.9,20.6,28.5,20.6
13:43:25,38.9,20.6,28.5,20.6
13:43:26,38.9,20.6,28.6,20.6
13:43:27,38.9,20.6,28.6,20.6
13:43:27,38.9,20.6,28.6,20.6
13:43:29,38.9,20.6,28.6,20.6
13:43:30,38.9,20.6,28.6,20.6
13:43:31,38.9,20.6,28.8,20.6
13:43:32,38.9,20.6,28.8,20.6
13:43:33,38.9,20.6,28.8,20.6
13:43:34,39,20.6,28.8,20.6
13:43:35,39,20.6,28.8,20.6
13:43:36,39,20.6,28.8,20.6
13:43:37,39,20.6,28.8,20.6
13:43:38,39,20.6,28.8,20.6
13:43:39,39,20.6,28.8,20.6
13:43:40,39,20.6,28.8,20.6
13:43:41,39,20.6,28.8,20.5
13:43:42,39,20.6,28.8,20.5
13:43:43,39,20.6,28.8,20.6
13:43:44,39,20.6,28.8,20.6
13:43:44,39,20.6,28.8,20.6
13:43:46,39,20.6,28.8,20.6
13:43:47,39,20.6,28.8,20.6
13:43:48,39,20.6,28.8,20.6
13:43:49,39,20.6,28.8,20.6
13:43:50,39,20.6,28.8,20.6
13:43:51,39,20.6,28.6,20.6
13:43:52,39,20.6,28.6,20.6
13:43:53,39,20.6,28.6,20.6
13:43:54,39,20.6,28.6,20.6
13:43:55,39,20.6,28.6,20.6
13:43:55,39,20.6,28.6,20.6
13:43:57,39,20.6,28.6,20.6
13:43:58,38.9,20.6,28.6,20.6
13:43:58,38.9,20.6,28.6,20.6
13:44:00,38.9,20.6,28.6,20.6
13:44:01,38.9,20.6,28.6,20.6
13:44:02,38.9,20.6,28.6,20.6
13:44:03,38.9,20.6,28.6,20.6
13:44:04,38.9,20.6,28.6,20.6
13:44:05,38.9,20.6,28.6,20.6
13:44:06,38.9,20.6,28.6,20.6
13:44:07,38.9,20.6,28.6,20.6
13:44:08,38.9,20.6,28.6,20.6
13:44:09,38.9,20.6,28.6,20.6
13:44:10,38.9,20.6,28.6,20.6
13:44:11,38.9,20.6,28.6,20.6
13:44:12,38.9,20.6,28.6,20.6
13:44:13,38.9,20.6,28.6,20.6
13:44:14,38.9,20.6,28.8,20.6
13:44:15,38.9,20.6,28.8,20.5
13:44:16,38.9,20.6,28.8,20.5
13:44:17,38.9,20.6,28.8,20.5
13:44:18,39,20.6,28.8,20.5
13:44:19,39,20.6,28.8,20.5
13:44:20,39,20.6,28.8,20.5
13:44:21,39,20.6,28.8,20.6
13:44:22,39,20.6,28.9,20.6
13:44:23,39,20.6,28.9,20.6
13:44:24,39,20.6,28.9,20.6
13:44:25,39,20.6,28.9,20.6
13:44:26,39,20.6,28.9,20.6
13:44:27,39,20.6,28.9,20.6
13:44:28,39,20.6,29,20.6
13:44:29,39,20.6,29,20.6
13:44:30,39,20.6,29,20.6
13:44:31,39.1,20.6,29,20.6
13:44:31,39.1,20.6,29,20.5
13:44:33,39.1,20.6,29,20.6
13:44:34,39.1,20.6,29,20.5
13:44:35,39.1,20.6,29.1,20.5
13:44:36,39.1,20.6,29.1,20.6
13:44:37,39.1,20.6,29.1,20.6
13:44:38,39.1,20.6,29.1,20.6
13:44:39,39.1,20.6,29.1,20.6
13:44:40,39.1,20.6,29.1,20.6
13:44:41,39.1,20.6,29.1,20.5
13:44:41,39.1,20.6,29.1,20.5
13:44:43,39.2,20.6,29.1,20.5
13:44:44,39.2,20.6,29.1,20.6
13:44:45,39.2,20.6,29.2,20.6
13:44:46,39.2,20.6,29.2,20.6
13:44:46,39.2,20.6,29.2,20.6
13:44:48,39.2,20.6,29.2,20.6
13:44:49,39.2,20.6,29.2,20.6
13:44:50,39.2,20.6,29.2,20.6
13:44:51,39.2,20.6,29.2,20.6
13:44:52,39.2,20.6,29.2,20.6
13:44:52,39.2,20.6,29.2,20.6
13:44:54,39.2,20.6,29.4,20.6
13:44:55,39.2,20.6,29.4,20.5
13:44:56,39.2,20.6,29.4,20.5
13:44:57,39.2,20.6,29.4,20.6
13:44:58,39.2,20.6,29.4,20.6
13:44:59,39.2,20.6,29.4,20.6
13:45:00,39.3,20.6,29.4,20.6
13:45:01,39.3,20.6,29.4,20.6
13:45:02,39.3,20.6,29.4,20.6
13:45:03,39.3,20.6,29.4,20.6
13:45:04,39.3,20.6,29.4,20.6
13:45:05,39.3,20.6,29.4,20.6
13:45:06,39.3,20.6,29.4,20.6
13:45:07,39.3,20.6,29.5,20.6
13:45:08,39.3,20.6,29.5,20.6
13:45:09,39.3,20.6,29.5,20.6
13:45:10,39.3,20.6,29.5,20.6
13:45:11,39.3,20.6,29.6,20.6
13:45:12,39.4,20.6,29.6,20.6
13:45:13,39.4,20.6,29.6,20.6
13:45:14,39.4,20.6,29.6,20.6
13:45:15,39.4,20.6,29.6,20.6
13:45:16,39.4,20.6,29.7,20.6
13:45:17,39.4,20.6,29.7,20.6
13:45:18,39.4,20.6,29.7,20.6
13:45:19,39.4,20.6,29.7,20.6
13:45:20,39.5,20.6,29.7,20.6
13:45:21,39.5,20.6,29.7,20.6
13:45:22,39.5,20.6,29.7,20.6
13:45:23,39.5,20.6,29.7,20.6
13:45:24,39.5,20.6,29.7,20.6
13:45:25,39.5,20.6,29.7,20.6
13:45:26,39.5,20.6,29.7,20.6
13:45:27,39.5,20.6,29.7,20.6
13:45:27,39.5,20.6,29.7,20.6
13:45:29,39.5,20.6,29.6,20.6
13:45:30,39.5,20.6,29.6,20.6
13:45:31,39.5,20.6,29.6,20.6
13:45:32,39.5,20.6,29.6,20.6
13:45:33,39.5,20.6,29.6,20.6
13:45:34,39.5,20.6,29.6,20.6
13:45:35,39.5,20.6,29.7,20.6
13:45:35,39.5,20.6,29.7,20.6
13:45:37,39.5,20.6,29.7,20.6
13:45:38,39.5,20.6,29.7,20.6
13:45:39,39.5,20.6,29.7,20.6
13:45:40,39.5,20.6,29.7,20.6
13:45:40,39.5,20.6,29.7,20.6
13:45:41,39.5,20.6,29.7,20.6
13:45:43,39.5,20.6,29.8,20.6
13:45:43,39.5,20.6,29.8,20.5
13:45:45,39.5,20.6,29.8,20.6
13:45:46,39.5,20.6,29.8,20.6
13:45:47,39.5,20.6,29.8,20.6
13:45:48,39.5,20.6,29.8,20.6
13:45:49,39.5,20.6,30,20.6
13:45:50,39.5,20.6,30,20.6
13:45:51,39.6,20.6,30,20.6
13:45:52,39.6,20.6,30,20.6
13:45:53,39.6,20.6,30,20.6
13:45:54,39.6,20.6,30,20.5
13:45:55,39.6,20.6,30,20.5
13:45:56,39.6,20.6,30,20.5
13:45:57,39.6,20.6,30,20.6
13:45:58,39.6,20.6,30,20.6
13:45:59,39.6,20.6,30,20.6
13:46:00,39.6,20.6,30,20.6
13:46:00,39.6,20.6,30,20.6
13:46:02,39.6,20.6,30,20.6
13:46:03,39.6,20.6,30,20.6
13:46:04,39.6,20.6,30,20.6
13:46:05,39.6,20.6,30,20.6
13:46:06,39.6,20.6,30,20.6
13:46:07,39.6,20.6,30,20.6
13:46:08,39.6,20.6,30,20.5
13:46:09,39.6,20.6,30,20.5
13:46:10,39.6,20.6,30,20.5
13:46:11,39.6,20.6,30,20.5
13:46:12,39.6,20.6,30,20.6
13:46:13,39.6,20.6,30,20.6
13:46:14,39.6,20.6,30,20.6
13:46:15,39.6,20.6,30,20.6
13:46:16,39.6,20.6,30,20.6
13:46:16,39.6,20.6,30,20.6
13:46:17,39.6,20.6,30,20.6
13:46:19,39.6,20.6,29.8,20.6
13:46:19,39.6,20.6,29.8,20.6
13:46:21,39.6,20.6,29.8,20.5
13:46:22,39.6,20.6,29.8,20.6
13:46:23,39.6,20.6,29.8,20.5
13:46:24,39.5,20.6,29.8,20.6
13:46:25,39.5,20.6,29.8,20.6
13:46:26,39.5,20.6,29.8,20.6
13:46:26,39.5,20.6,29.8,20.6
13:46:28,39.5,20.6,30,20.6
13:46:29,39.5,20.6,30,20.6
13:46:30,39.5,20.6,30,20.6
13:46:31,39.6,20.6,30,20.6
13:46:32,39.6,20.6,30,20.6
13:46:33,39.6,20.6,30,20.6
13:46:34,39.6,20.6,30,20.6
13:46:35,39.6,20.6,30,20.6
13:46:36,39.6,20.6,30,20.5
13:46:37,39.6,20.6,30,20.5
13:46:38,39.6,20.6,30,20.5
13:46:39,39.6,20.6,30,20.6
13:46:39,39.6,20.6,30.1,20.5
13:46:41,39.6,20.6,30.1,20.6
13:46:42,39.6,20.6,30.1,20.6
13:46:43,39.6,20.6,30,20.6
13:46:43,39.6,20.6,30,20.6
13:46:45,39.6,20.6,30,20.6
13:46:46,39.6,20.6,30,20.5
13:46:47,39.6,20.6,30,20.6
13:46:48,39.6,20.6,29.8,20.5
13:46:49,39.6,20.6,29.8,20.5
13:46:50,39.6,20.6,29.8,20.6
13:46:51,39.6,20.6,29.8,20.6
13:46:52,39.6,20.6,29.8,20.6
13:46:53,39.6,20.6,29.8,20.6
13:46:54,39.5,20.6,29.8,20.6
13:46:55,39.5,20.6,29.8,20.6
13:46:56,39.5,20.6,29.8,20.6
13:46:57,39.5,20.6,29.8,20.6
13:46:57,39.5,20.6,29.8,20.6
13:46:59,39.5,20.6,29.8,20.6
13:47:00,39.5,20.6,29.8,20.6
13:47:00,39.5,20.6,29.8,20.6
13:47:02,39.5,20.6,29.8,20.6
13:47:03,39.5,20.6,29.8,20.5
13:47:04,39.5,20.6,30,20.5
13:47:05,39.5,20.6,30,20.5
13:47:06,39.5,20.6,30,20.6
13:47:07,39.5,20.6,30,20.6
13:47:08,39.5,20.6,30,20.6
13:47:09,39.6,20.6,30,20.5
13:47:10,39.6,20.6,30,20.5
13:47:11,39.6,20.6,30,20.5
13:47:12,39.6,20.6,30,20.5
13:47:13,39.6,20.6,30,20.6
13:47:13,39.6,20.6,30,20.6
13:47:15,39.6,20.6,30,20.6
13:47:15,39.6,20.6,30,20.6
13:47:16,39.6,20.6,30,20.6
13:47:18,39.6,20.6,30,20.6
13:47:19,39.6,20.6,30,20.6
13:47:20,39.6,20.6,30,20.6
13:47:21,39.6,20.6,30,20.6
13:47:22,39.6,20.6,30,20.6
13:47:23,39.6,20.6,30,20.6
13:47:24,39.6,20.6,30,20.6
13:47:25,39.6,20.6,30,20.6
13:47:26,39.6,20.6,29.8,20.5
13:47:27,39.6,20.6,29.8,20.5
13:47:28,39.6,20.6,29.8,20.5
13:47:29,39.5,20.6,29.8,20.5
13:47:30,39.5,20.6,29.8,20.6
13:47:31,39.5,20.6,29.8,20.6
13:47:32,39.5,20.6,29.8,20.6
13:47:33,39.5,20.6,29.8,20.6
13:47:34,39.5,20.6,29.8,20.6
13:47:35,39.5,20.6,29.8,20.6
13:47:36,39.5,20.6,29.8,20.6
13:47:37,39.5,20.6,29.8,20.6
13:47:38,39.5,20.6,29.8,20.6
13:47:38,39.5,20.6,29.8,20.5
13:47:40,39.5,20.6,29.8,20.5
13:47:41,39.5,20.6,29.8,20.5
13:47:41,39.5,20.6,29.8,20.5
13:47:43,39.5,20.6,30,20.5
13:47:44,39.5,20.6,30,20.5
13:47:45,39.5,20.6,30,20.6
13:47:46,39.5,20.6,30,20.5
13:47:47,39.6,20.6,30,20.5
13:47:48,39.6,20.6,30.1,20.5
13:47:49,39.6,20.6,30.1,20.6
13:47:50,39.6,20.6,30.1,20.5
13:47:51,39.6,20.6,30.1,20.5
13:47:52,39.6,20.6,30.2,20.5
13:47:53,39.6,20.6,30.2,20.5
13:47:54,39.6,20.6,30.2,20.5
13:47:55,39.6,20.6,30.2,20.6
13:47:56,39.6,20.6,30.2,20.6
13:47:57,39.7,20.6,30.2,20.6
13:47:58,39.7,20.6,30.3,20.6
13:47:59,39.7,20.6,30.3,20.6
13:48:00,39.7,20.6,30.3,20.6
13:48:01,39.7,20.6,30.3,20.5
13:48:01,39.7,20.6,30.3,20.5
13:48:03,39.7,20.6,30.4,20.6
13:48:04,39.8,20.6,30.4,20.6
13:48:05,39.8,20.6,30.4,20.6
13:48:06,39.8,20.6,30.4,20.6
13:48:07,39.8,20.6,30.6,20.6
13:48:08,39.8,20.6,30.6,20.6
13:48:09,39.8,20.6,30.6,20.6
13:48:09,39.8,20.6,30.6,20.6
13:48:11,39.9,20.6,30.7,20.5
13:48:12,39.9,20.6,30.7,20.6
13:48:13,39.9,20.6,30.7,20.6
13:48:14,39.9,20.6,30.7,20.6
13:48:15,39.9,20.6,30.7,20.6
13:48:16,39.9,20.6,30.7,20.6
13:48:17,39.9,20.6,30.8,20.6
13:48:18,40,20.6,30.8,20.6
13:48:19,40,20.6,30.7,20.6
13:48:20,40,20.6,30.7,20.5
13:48:21,40,20.6,30.7,20.6
13:48:22,40,20.6,30.7,20.5
13:48:23,40,20.6,30.7,20.6
13:48:24,40,20.6,30.7,20.6
13:48:25,40,20.6,30.6,20.6
13:48:26,40,20.6,30.6,20.6
13:48:27,40,20.6,30.6,20.6
13:48:28,39.9,20.6,30.6,20.6
13:48:29,39.9,20.6,30.4,20.5
13:48:30,39.9,20.6,30.4,20.5
13:48:31,39.9,20.6,30.4,20.5
13:48:32,39.9,20.6,30.4,20.5
13:48:33,39.9,20.6,30.3,20.6
13:48:34,39.9,20.6,30.3,20.6
13:48:35,39.9,20.6,30.3,20.5
13:48:35,39.8,20.6,30.3,20.5
13:48:36,39.8,20.6,30.2,20.5
13:48:38,39.8,20.6,30.2,20.5
13:48:39,39.8,20.6,30.2,20.5
13:48:40,39.8,20.6,30.1,20.6
13:48:41,39.7,20.6,30.1,20.6
13:48:42,39.7,20.6,30.1,20.6
13:48:43,39.7,20.6,30.1,20.6
13:48:44,39.7,20.6,30.1,20.6
13:48:45,39.7,20.6,30.1,20.6
13:48:46,39.7,20.6,30,20.6
13:48:47,39.6,20.6,30,20.5
13:48:48,39.6,20.6,30,20.5
13:48:49,39.6,20.6,30,20.6
13:48:50,39.6,20.6,30,20.5
13:48:51,39.6,20.6,30,20.5
13:48:52,39.6,20.6,29.8,20.5
13:48:53,39.6,20.6,29.8,20.5
13:48:54,39.6,20.6,29.8,20.6
13:48:55,39.5,20.6,29.8,20.6
13:48:56,39.5,20.6,29.8,20.6
13:48:57,39.5,20.6,29.8,20.5
13:48:58,39.5,20.6,29.7,20.6
13:48:59,39.5,20.6,29.7,20.5
13:49:00,39.5,20.6,29.7,20.5
13:49:01,39.5,20.6,29.7,20.6
13:49:02,39.5,20.6,29.7,20.6
13:49:03,39.5,20.6,29.7,20.6
13:49:04,39.5,20.6,29.7,20.6
13:49:05,39.4,20.6,29.7,20.6
13:49:06,39.4,20.6,29.6,20.6
13:49:07,39.4,20.6,29.6,20.6
13:49:08,39.4,20.6,29.6,20.6
13:49:09,39.4,20.6,29.6,20.5
13:49:10,39.4,20.6,29.6,20.5
13:49:11,39.4,20.6,29.6,20.5
13:49:11,39.4,20.6,29.6,20.5
13:49:13,39.4,20.6,29.6,20.5
13:49:14,39.4,20.6,29.6,20.5
13:49:15,39.4,20.6,29.6,20.6
13:49:16,39.4,20.6,29.6,20.6
13:49:17,39.4,20.6,29.6,20.6
13:49:18,39.4,20.6,29.6,20.5
13:49:19,39.4,20.6,29.6,20.6
13:49:20,39.4,20.6,29.7,20.6
13:49:21,39.4,20.6,29.7,20.6
13:49:22,39.4,20.6,29.7,20.6
13:49:23,39.4,20.6,29.7,20.6
13:49:24,39.4,20.6,29.7,20.6
13:49:25,39.4,20.6,29.7,20.6
13:49:26,39.4,20.6,29.7,20.6
13:49:27,39.4,20.6,29.7,20.6
13:49:28,39.4,20.6,29.8,20.6
13:49:29,39.4,20.6,29.8,20.6
13:49:30,39.4,20.6,29.8,20.5
13:49:31,39.4,20.6,29.8,20.6
13:49:32,39.5,20.6,30,20.6
13:49:33,39.5,20.6,30,20.6
13:49:34,39.5,20.6,30,20.6
13:49:35,39.5,20.6,30,20.6
13:49:36,39.5,20.6,30.1,20.6
13:49:37,39.5,20.6,30.1,20.6
13:49:38,39.5,20.6,30.1,20.6
13:49:39,39.5,20.6,30,20.6
13:49:40,39.6,20.6,30,20.6
13:49:41,39.6,20.6,30,20.6
13:49:42,39.6,20.6,30,20.5
13:49:43,39.6,20.6,30,20.6
13:49:44,39.6,20.6,30,20.5
13:49:45,39.6,20.6,30,20.5
13:49:46,39.6,20.6,30,20.5
13:49:47,39.6,20.6,30,20.5
13:49:48,39.6,20.6,30.1,20.5
13:49:49,39.6,20.6,30.1,20.5
13:49:50,39.6,20.6,30,20.5
13:49:51,39.6,20.6,30,20.5
13:49:52,39.6,20.6,30,20.5
13:49:53,39.6,20.6,30,20.5
13:49:54,39.6,20.6,30,20.5
13:49:55,39.6,20.6,30,20.5
13:49:56,39.6,20.6,30,20.5
13:49:57,39.6,20.6,29.8,20.5
13:49:58,39.6,20.6,29.8,20.5
13:49:59,39.6,20.6,29.8,20.6
13:49:59,39.6,20.6,29.8,20.6
13:50:01,39.6,20.6,29.8,20.6
13:50:02,39.5,20.6,29.8,20.6
13:50:03,39.5,20.6,29.8,20.6
13:50:04,39.5,20.6,29.8,20.6
13:50:05,39.5,20.6,29.8,20.6
13:50:06,39.5,20.6,29.8,20.6
13:50:07,39.5,20.6,29.8,20.6
13:50:08,39.5,20.6,29.8,20.6
13:50:08,39.5,20.6,29.8,20.6
13:50:10,39.5,20.6,29.7,20.5
13:50:11,39.5,20.6,29.7,20.5
13:50:12,39.5,20.6,29.7,20.6
13:50:13,39.5,20.6,29.7,20.5
13:50:14,39.5,20.6,29.7,20.5
13:50:15,39.5,20.6,29.7,20.5
13:50:16,39.5,20.6,29.7,20.6
13:50:17,39.5,20.6,29.7,20.5
13:50:18,39.5,20.6,29.7,20.6
13:50:19,39.4,20.6,29.7,20.6
13:50:20,39.4,20.6,29.7,20.6
13:50:21,39.4,20.6,29.7,20.5
13:50:22,39.4,20.6,29.7,20.5
13:50:23,39.4,20.6,29.7,20.5
13:50:24,39.4,20.6,29.6,20.6
13:50:25,39.4,20.6,29.6,20.6
13:50:25,39.4,20.6,29.6,20.6
13:50:27,39.4,20.6,29.6,20.6
13:50:28,39.4,20.6,29.6,20.6
13:50:29,39.4,20.6,29.6,20.6
13:50:30,39.4,20.6,29.6,20.6
13:50:31,39.4,20.6,29.6,20.6
13:50:32,39.4,20.6,29.6,20.6
13:50:33,39.4,20.6,29.6,20.6
13:50:33,39.4,20.6,29.6,20.6
13:50:35,39.4,20.6,29.6,20.6
13:50:36,39.4,20.6,29.6,20.6
13:50:37,39.4,20.6,29.6,20.6
13:50:38,39.4,20.6,29.6,20.6
13:50:39,39.4,20.6,29.6,20.6
13:50:40,39.4,20.6,29.6,20.6
13:50:41,39.4,20.6,29.6,20.5
13:50:41,39.4,20.6,29.6,20.5
13:50:43,39.4,20.6,29.5,20.5
13:50:44,39.4,20.6,29.5,20.5
13:50:45,39.3,20.6,29.5,20.5
13:50:46,39.3,20.6,29.5,20.6
13:50:47,39.3,20.6,29.5,20.5
13:50:48,39.3,20.6,29.5,20.5
13:50:49,39.3,20.6,29.5,20.5
13:50:50,39.3,20.6,29.5,20.5
13:50:51,39.3,20.6,29.5,20.6
13:50:52,39.3,20.6,29.5,20.5
13:50:53,39.3,20.6,29.5,20.6
13:50:54,39.3,20.6,29.4,20.5
13:50:55,39.3,20.6,29.4,20.5
13:50:56,39.3,20.6,29.4,20.5
13:50:57,39.3,20.6,29.4,20.6
13:50:58,39.3,20.6,29.5,20.5
13:50:59,39.3,20.6,29.5,20.5
13:51:00,39.3,20.6,29.5,20.5
13:51:01,39.3,20.6,29.5,20.5
13:51:02,39.3,20.6,29.5,20.5
13:51:03,39.3,20.6,29.5,20.5
13:51:04,39.3,20.6,29.5,20.5
13:51:05,39.3,20.6,29.5,20.6
13:51:06,39.3,20.6,29.6,20.6
13:51:06,39.3,20.6,29.6,20.6
13:51:08,39.3,20.6,29.6,20.6
13:51:09,39.3,20.6,29.6,20.6
13:51:10,39.3,20.6,29.6,20.5
13:51:11,39.3,20.6,29.6,20.6
13:51:12,39.4,20.6,29.6,20.5
13:51:13,39.4,20.6,29.6,20.5
13:51:14,39.4,20.6,29.6,20.5
13:51:15,39.4,20.6,29.6,20.5
13:51:16,39.4,20.6,29.6,20.5
13:51:17,39.4,20.6,29.6,20.5
13:51:18,39.4,20.6,29.6,20.5
13:51:19,39.4,20.6,29.6,20.5
13:51:20,39.4,20.6,29.6,20.5
13:51:21,39.4,20.6,29.6,20.6
13:51:22,39.4,20.6,29.6,20.6
13:51:23,39.4,20.6,29.6,20.6
13:51:24,39.4,20.6,29.5,20.6
13:51:25,39.4,20.6,29.5,20.6
13:51:26,39.4,20.6,29.5,20.6
13:51:27,39.4,20.6,29.5,20.6
13:51:28,39.4,20.6,29.5,20.6
13:51:29,39.4,20.6,29.5,20.6
13:51:30,39.4,20.6,29.5,20.6
13:51:31,39.3,20.6,29.4,20.6
13:51:32,39.3,20.6,29.4,20.5
13:51:33,39.3,20.6,29.4,20.5
13:51:34,39.3,20.6,29.4,20.5
13:51:35,39.3,20.6,29.4,20.5
13:51:36,39.3,20.6,29.4,20.5
13:51:37,39.3,20.6,29.4,20.5
13:51:38,39.3,20.6,29.4,20.6
13:51:39,39.3,20.6,29.4,20.6
13:51:40,39.3,20.6,29.4,20.6
13:51:41,39.3,20.6,29.4,20.6
13:51:42,39.3,20.6,29.4,20.5
13:51:43,39.3,20.6,29.4,20.5
13:51:44,39.2,20.6,29.4,20.5
13:51:45,39.2,20.6,29.4,20.5
13:51:45,39.2,20.6,29.4,20.5
13:51:47,39.2,20.6,29.4,20.6
13:51:48,39.2,20.6,29.4,20.6
13:51:49,39.2,20.6,29.4,20.6
13:51:50,39.2,20.6,29.4,20.5
13:51:51,39.2,20.6,29.4,20.5
13:51:52,39.2,20.6,29.4,20.5
13:51:53,39.2,20.6,29.4,20.5
13:51:54,39.2,20.6,29.4,20.5
13:51:55,39.2,20.6,29.4,20.6
13:51:56,39.2,20.6,29.4,20.6
13:51:57,39.2,20.6,29.4,20.6
13:51:58,39.2,20.6,29.4,20.6
13:51:59,39.2,20.6,29.2,20.6
