,Air.Temp1,Rel. Hum 1,Air.Temp2,Rel.Hum2.,Air.Temp.,Rel. Hum.
08/06/2020 19:30:00,34.99649,46.67604,33.93401,46.96715,34.16957,44.72311
08/06/2020 19:31:00,34.92788,46.80539,33.90455,47.08055,34.15393,44.80836
08/06/2020 19:32:00,34.89624,46.89753,33.90466,47.12324,34.1318,44.8582
08/06/2020 19:33:00,34.88026,46.9603,33.88464,47.21695,34.12785,44.90921
08/06/2020 19:34:00,34.88651,46.97529,33.90336,47.22266,34.11609,44.90953
08/06/2020 19:35:00,34.89509,47.0645,33.86829,47.28643,34.10766,45.01759
08/06/2020 19:36:00,34.88811,47.07557,33.85883,47.29165,34.10753,44.94789
08/06/2020 19:37:00,34.89329,47.15791,33.81945,47.37948,34.10308,45.07476
08/06/2020 19:38:00,34.84874,47.23804,33.83008,47.51354,34.11229,45.15975
08/06/2020 19:39:00,34.85627,47.14827,33.81672,47.39939,34.12763,44.95765
08/06/2020 19:40:00,34.89044,47.19518,33.83739,47.44451,34.13998,45.0534
08/06/2020 19:41:00,34.89592,47.3347,33.8691,47.60076,34.15127,45.17683
08/06/2020 19:42:00,34.89537,47.21331,33.90293,47.50905,34.15304,45.07529
08/06/2020 19:43:00,34.89607,47.0774,33.90316,47.2903,34.13179,44.93486
08/06/2020 19:44:00,34.89536,47.23378,33.88792,47.45192,34.12118,45.15568
08/06/2020 19:45:00,34.89518,47.31312,33.89274,47.56882,34.10766,45.24516
08/06/2020 19:46:00,34.87879,47.23082,33.87117,47.47704,34.11466,45.15894
08/06/2020 19:47:00,34.89526,47.32981,33.86794,47.60489,34.13261,45.21323
08/06/2020 19:48:00,34.89576,47.13771,33.87637,47.37054,34.11391,45.00315
08/06/2020 19:49:00,34.88013,47.35133,33.88286,47.64821,34.0926,45.41116
08/06/2020 19:50:00,34.89545,47.48379,33.84276,47.71026,34.08794,45.47721
08/06/2020 19:51:00,34.86721,47.60814,33.83723,47.83805,34.09306,45.49587
08/06/2020 19:52:00,34.82921,47.42994,33.82789,47.66227,34.06578,45.49231
08/06/2020 19:53:00,34.79618,47.59262,33.83532,47.83455,34.04771,45.59283
08/06/2020 19:54:00,34.79559,47.7408,33.80722,47.9667,34.05344,45.77968
08/06/2020 19:55:00,34.80946,47.94749,33.80497,48.19065,34.06367,45.94779
08/06/2020 19:56:00,34.79765,48.01332,33.81131,48.3336,34.06738,46.03646
08/06/2020 19:57:00,34.79894,48.09245,33.80507,48.38892,34.05771,46.07341
08/06/2020 19:58:00,34.79551,48.00625,33.8114,48.21617,34.02964,46.04375
08/06/2020 19:59:00,34.79592,48.00954,33.80482,48.2544,33.99951,46.05672
08/06/2020 20:00:00,34.79584,47.98954,33.79321,48.22955,33.98326,45.98993
08/06/2020 20:01:00,34.79537,47.87828,33.78471,48.13692,33.95879,45.97163
08/06/2020 20:02:00,34.71884,48.018,33.72933,48.21479,33.94724,46.12093
08/06/2020 20:03:00,34.74563,48.1278,33.71955,48.38036,33.94634,46.19237
08/06/2020 20:04:00,34.69565,48.08557,33.71478,48.40424,33.93591,46.17636
08/06/2020 20:05:00,34.70057,48.08133,33.7029,48.32241,33.92151,46.1925
08/06/2020 20:06:00,34.69597,48.29095,33.69964,48.58982,33.8954,46.40154
08/06/2020 20:07:00,34.69639,48.20518,33.69963,48.46224,33.89408,46.25835
08/06/2020 20:08:00,34.69551,48.20351,33.63381,48.55141,33.89238,46.30933
08/06/2020 20:09:00,34.69609,48.08889,33.65508,48.41706,33.88199,46.05565
08/06/2020 20:10:00,34.67231,48.06012,33.63396,48.28005,33.86817,46.07817
08/06/2020 20:11:00,34.66697,47.91877,33.60322,48.17102,33.8656,45.90105
08/06/2020 20:12:00,34.64642,47.93042,33.60242,48.11747,33.87608,45.73917
08/06/2020 20:13:00,34.65808,47.80608,33.60296,48.03626,33.86383,45.76544
08/06/2020 20:14:00,34.63598,48.08021,33.6027,48.23956,33.8583,45.98819
08/06/2020 20:15:00,34.59331,47.89315,33.60264,48.06984,33.85084,45.82655
08/06/2020 20:16:00,34.59288,47.83914,33.60321,48.09817,33.83889,45.7448
08/06/2020 20:17:00,34.59306,47.80392,33.58825,47.96183,33.8168,45.7042
08/06/2020 20:18:00,34.58666,47.62585,33.53381,47.81251,33.81322,45.47239
08/06/2020 20:19:00,34.5848,47.50264,33.54658,47.70345,33.79583,45.49532
08/06/2020 20:20:00,34.5584,47.64533,33.51534,47.87469,33.7888,45.57648
08/06/2020 20:21:00,34.58963,47.74035,33.51348,47.98287,33.77987,45.69056
08/06/2020 20:22:00,34.5352,47.72364,33.51545,47.96949,33.78351,45.63423
08/06/2020 20:23:00,34.59249,47.74379,33.51,47.9463,33.76286,45.68383
08/06/2020 20:24:00,34.55793,47.71943,33.50327,47.97294,33.75879,45.72588
08/06/2020 20:25:00,34.54839,47.69786,33.50341,47.86675,33.76099,45.57817
08/06/2020 20:26:00,34.52357,47.65084,33.50363,47.83549,33.74659,45.55161
08/06/2020 20:27:00,34.51528,47.48419,33.50379,47.69118,33.73381,45.43154
08/06/2020 20:28:00,34.50858,47.51625,33.50387,47.75964,33.7438,45.3348
08/06/2020 20:29:00,34.49759,47.21955,33.49864,47.44161,33.75164,45.09934
08/06/2020 20:30:00,34.51187,47.32662,33.50384,47.55738,33.75011,45.27634
08/06/2020 20:31:00,34.49391,47.24535,33.4934,47.4535,33.75426,45.07017
08/06/2020 20:32:00,34.49396,46.97175,33.49812,47.16275,33.76393,44.76953
08/06/2020 20:33:00,34.4945,47.08954,33.50385,47.32551,33.78119,44.98042
08/06/2020 20:34:00,34.50375,47.04955,33.50285,47.27985,33.77565,44.87484
08/06/2020 20:35:00,34.50367,47.09026,33.50349,47.25331,33.7576,45.00982
08/06/2020 20:36:00,34.50463,47.09187,33.50357,47.24657,33.73635,44.93136
08/06/2020 20:37:00,34.50663,47.06244,33.50338,47.20265,33.74465,44.94241
08/06/2020 20:38:00,34.50188,47.03583,33.5033,47.15865,33.73943,44.91173
08/06/2020 20:39:00,34.51659,47.08689,33.50368,47.29356,33.74077,44.96614
08/06/2020 20:40:00,34.50028,47.04565,33.50383,47.19842,33.72678,44.94873
08/06/2020 20:41:00,34.4941,47.12854,33.50415,47.28094,33.71634,45.0355
08/06/2020 20:42:00,34.4964,47.2279,33.50409,47.42523,33.695,45.34039
08/06/2020 20:43:00,34.494,47.65482,33.4812,47.90118,33.68924,45.79228
08/06/2020 20:44:00,34.49984,47.53312,33.46151,47.83049,33.67893,45.56628
08/06/2020 20:45:00,34.49304,47.58916,33.47128,47.90818,33.67338,45.68713
08/06/2020 20:46:00,34.49298,47.51545,33.43481,47.8582,33.68063,45.56233
08/06/2020 20:47:00,34.49279,47.47831,33.44783,47.74243,33.67058,45.47603
08/06/2020 20:48:00,34.49317,47.42991,33.41859,47.6983,33.67298,45.35106
08/06/2020 20:49:00,34.49372,47.5293,33.40573,47.78804,33.65309,45.6662
08/06/2020 20:50:00,34.48193,47.60677,33.4073,47.90891,33.62403,45.69316
08/06/2020 20:51:00,34.46886,47.66219,33.41021,47.94971,33.61223,45.7704
08/06/2020 20:52:00,34.42078,47.52082,33.40543,47.77695,33.61305,45.53706
08/06/2020 20:53:00,34.41389,47.59924,33.38491,47.8656,33.60194,45.64375
08/06/2020 20:54:00,34.39946,47.74138,33.37855,48.06628,33.57917,45.86265
08/06/2020 20:55:00,34.3941,47.837,33.30935,48.14404,33.56351,46.01903
08/06/2020 20:56:00,34.39436,48.02504,33.3108,48.32554,33.54915,46.15236
08/06/2020 20:57:00,34.3938,48.10146,33.30926,48.35281,33.52083,46.36747
08/06/2020 20:58:00,34.34921,47.99365,33.29914,48.2752,33.49386,46.05431
08/06/2020 20:59:00,34.31392,47.89304,33.25687,48.19887,33.49723,45.99319
08/06/2020 21:00:00,34.30911,48.20758,33.29409,48.50593,33.51791,46.27633
08/06/2020 21:01:00,34.29722,48.20228,33.2856,48.43989,33.53379,46.27968
08/06/2020 21:02:00,34.3206,48.31368,33.25523,48.59782,33.51085,46.49334
08/06/2020 21:03:00,34.30752,48.58529,33.22116,49.02457,33.48446,46.83331
08/06/2020 21:04:00,34.2958,48.50875,33.20384,48.92099,33.46029,46.60525
08/06/2020 21:05:00,34.29558,48.30717,33.21071,48.56554,33.45037,46.43962
08/06/2020 21:06:00,34.27221,48.27274,33.20407,48.54249,33.43487,46.33741
08/06/2020 21:07:00,34.24342,48.42044,33.18981,48.76517,33.42658,46.60733
08/06/2020 21:08:00,34.28637,48.63237,33.19232,49.03407,33.42801,46.77564
08/06/2020 21:09:00,34.28212,48.50676,33.20755,48.7619,33.40192,46.55109
08/06/2020 21:10:00,34.22736,48.52095,33.15944,48.82374,33.37674,46.69914
08/06/2020 21:11:00,34.19299,48.53014,33.16162,48.798,33.35337,46.63565
08/06/2020 21:12:00,34.19318,48.42998,33.13361,48.67567,33.32948,46.61503
08/06/2020 21:13:00,34.19286,48.80099,33.1092,49.12025,33.31596,47.01049
08/06/2020 21:14:00,34.1497,49.00559,33.10506,49.33587,33.30783,47.16042
08/06/2020 21:15:00,34.0975,48.77489,33.10521,49.10503,33.26192,46.81871
08/06/2020 21:16:00,34.09554,48.49224,33.0931,48.75265,33.21473,46.64862
08/06/2020 21:17:00,34.0927,48.53697,33.04737,48.82647,33.2099,46.73378
08/06/2020 21:18:00,34.08226,48.76713,33.01416,49.10355,33.20053,46.93774
08/06/2020 21:19:00,34.02427,48.97778,33.00658,49.21971,33.17909,47.06881
08/06/2020 21:20:00,34.03928,49.07451,32.99342,49.37934,33.17896,47.22195
08/06/2020 21:21:00,33.99551,49.14397,32.94877,49.46756,33.1353,47.31675
08/06/2020 21:22:00,33.99175,49.26869,32.90429,49.60559,33.11194,47.51326
08/06/2020 21:23:00,33.98891,49.37383,32.90459,49.70027,33.10727,47.53811
08/06/2020 21:24:00,33.93447,49.59177,32.8806,49.86803,33.09238,47.76656
08/06/2020 21:25:00,33.92208,49.79588,32.85467,50.09587,33.06618,47.97389
08/06/2020 21:26:00,33.89406,50.08549,32.86262,50.35242,33.04189,48.17451
08/06/2020 21:27:00,33.90305,50.24741,32.82184,50.51566,33.00134,48.38721
08/06/2020 21:28:00,33.85609,50.45522,32.79877,50.71589,32.95573,48.54509
08/06/2020 21:29:00,33.8542,50.62862,32.7715,50.86716,32.90402,48.80025
08/06/2020 21:30:00,33.79456,50.71893,32.70923,50.99252,32.87049,48.86366
08/06/2020 21:31:00,33.75753,50.82897,32.63821,51.17078,32.8492,49.07603
08/06/2020 21:32:00,33.73204,50.90547,32.61946,51.33839,32.82085,49.21393
08/06/2020 21:33:00,33.69313,51.12262,32.60737,51.41148,32.81047,49.29658
08/06/2020 21:34:00,33.67635,51.3178,32.59531,51.6089,32.78813,49.4613
08/06/2020 21:35:00,33.61085,51.45562,32.58499,51.72078,32.75725,49.58482
08/06/2020 21:36:00,33.58835,51.6241,32.57085,51.89176,32.72245,49.69892
08/06/2020 21:37:00,33.58653,51.49959,32.50428,51.82029,32.70792,49.53026
08/06/2020 21:38:00,33.58152,51.47813,32.50697,51.75277,32.71994,49.56731
08/06/2020 21:39:00,33.58815,51.658,32.50788,51.98679,32.72648,49.69275
08/06/2020 21:40:00,33.58781,51.63949,32.5114,51.96969,32.71894,49.74496
08/06/2020 21:41:00,33.55231,51.74418,32.50652,52.01587,32.71855,49.74467
08/06/2020 21:42:00,33.58774,51.74702,32.48688,52.10428,32.72227,49.75434
08/06/2020 21:43:00,33.56659,51.69163,32.50319,52.00449,32.71838,49.63729
08/06/2020 21:44:00,33.58627,51.76057,32.49991,52.09454,32.71498,49.80161
08/06/2020 21:45:00,33.58349,51.81336,32.50622,52.17461,32.69006,49.88118
08/06/2020 21:46:00,33.52222,51.79336,32.46825,52.20811,32.66453,49.99451
08/06/2020 21:47:00,33.5028,51.87508,32.43454,52.39179,32.62831,50.16064
08/06/2020 21:48:00,33.49083,52.05997,32.3993,52.47748,32.60834,50.22869
08/06/2020 21:49:00,33.47576,52.16861,32.40314,52.56934,32.58352,50.43441
08/06/2020 21:50:00,33.48235,52.41374,32.40288,52.76487,32.57273,50.54751
08/06/2020 21:51:00,33.41267,52.4436,32.35477,52.70373,32.54786,50.51467
08/06/2020 21:52:00,33.38915,52.52586,32.35772,52.77654,32.5344,50.61468
08/06/2020 21:53:00,33.38939,52.69398,32.3821,53.00433,32.51295,50.85006
08/06/2020 21:54:00,33.42897,52.79932,32.3473,53.08738,32.47938,50.98116
08/06/2020 21:55:00,33.4362,52.91923,32.30468,53.37906,32.46158,51.15052
08/06/2020 21:56:00,33.39949,53.02655,32.30484,53.35957,32.45084,51.14428
08/06/2020 21:57:00,33.38711,53.06104,32.303,53.45161,32.43749,51.23229
08/06/2020 21:58:00,33.33735,53.21931,32.2268,53.5882,32.42331,51.34995
08/06/2020 21:59:00,33.32653,53.22811,32.24431,53.58791,32.41144,51.33075
08/06/2020 22:00:00,33.34214,53.29468,32.23312,53.67723,32.40074,51.47999
08/06/2020 22:01:00,33.3345,53.42628,32.20731,53.78235,32.40287,51.50468
08/06/2020 22:02:00,33.28976,53.40148,32.20726,53.73071,32.38861,51.46402
08/06/2020 22:03:00,33.28991,53.39211,32.19072,53.78211,32.36873,51.54024
08/06/2020 22:04:00,33.28968,53.56496,32.207,53.9071,32.35809,51.71539
08/06/2020 22:05:00,33.26453,53.69088,32.20445,53.98783,32.33862,51.75701
08/06/2020 22:06:00,33.25349,53.75199,32.18039,54.11427,32.31964,51.9176
08/06/2020 22:07:00,33.23356,53.84681,32.13288,54.1192,32.29352,51.93
08/06/2020 22:08:00,33.19403,53.8163,32.10881,54.10244,32.27324,51.86804
08/06/2020 22:09:00,33.18972,53.88412,32.10747,54.16252,32.28849,51.9379
08/06/2020 22:10:00,33.18772,53.8921,32.10714,54.2416,32.28506,52.00113
08/06/2020 22:11:00,33.18759,54.17624,32.10785,54.50303,32.28831,52.31633
08/06/2020 22:12:00,33.18754,54.27089,32.10271,54.62246,32.26921,52.37708
08/06/2020 22:13:00,33.18765,54.04435,32.08596,54.44869,32.26147,52.09438
08/06/2020 22:14:00,33.14905,54.0696,32.07399,54.34875,32.27004,52.01323
08/06/2020 22:15:00,33.16135,54.06359,32.06731,54.36329,32.29082,52.06554
08/06/2020 22:16:00,33.15643,54.22087,32.10799,54.52097,32.29616,52.23317
08/06/2020 22:17:00,33.16626,54.34656,32.08638,54.70559,32.28647,52.33176
08/06/2020 22:18:00,33.1632,54.31876,32.08591,54.78011,32.29898,52.32384
08/06/2020 22:19:00,33.18395,54.53072,32.10785,54.88906,32.29048,52.56742
08/06/2020 22:20:00,33.18245,54.50393,32.10714,54.77849,32.2837,52.3869
08/06/2020 22:21:00,33.15479,54.54036,32.10736,54.82224,32.28694,52.4633
08/06/2020 22:22:00,33.18737,54.39968,32.09377,54.64324,32.30809,52.19519
08/06/2020 22:23:00,33.18545,54.36821,32.10758,54.60049,32.3371,52.22968
08/06/2020 22:24:00,33.1889,54.44724,32.10728,54.68713,32.3413,52.16426
08/06/2020 22:25:00,33.18675,54.14367,32.10722,54.35189,32.35761,51.96685
08/06/2020 22:26:00,33.18686,54.38941,32.13393,54.74611,32.36287,52.30025
08/06/2020 22:27:00,33.19854,54.58839,32.18187,54.97491,32.35372,52.57482
08/06/2020 22:28:00,33.19866,54.47703,32.17914,54.78294,32.34386,52.30514
08/06/2020 22:29:00,33.22263,54.49226,32.12777,54.84079,32.33482,52.55785
08/06/2020 22:30:00,33.21086,54.68958,32.1676,55.02148,32.32406,52.70655
08/06/2020 22:31:00,33.18712,54.59657,32.10801,54.95013,32.29819,52.64989
08/06/2020 22:32:00,33.20404,54.8159,32.11421,55.08121,32.27601,52.81488
08/06/2020 22:33:00,33.19234,54.96246,32.10757,55.25386,32.24504,53.03951
08/06/2020 22:34:00,33.18706,54.88151,32.10765,55.11788,32.23919,52.84077
08/06/2020 22:35:00,33.18579,54.71299,32.10345,55.15466,32.22383,52.86158
08/06/2020 22:36:00,33.13955,55.02432,32.08693,55.24805,32.19791,53.01191
08/06/2020 22:37:00,33.1352,54.98053,32.06081,55.27826,32.1808,53.06157
08/06/2020 22:38:00,33.09503,55.16932,32.01509,55.46853,32.16345,53.33271
08/06/2020 22:39:00,33.0934,55.38078,32.00803,55.65726,32.13532,53.51105
08/06/2020 22:40:00,33.07512,55.53156,32.01018,55.83058,32.11649,53.72485
08/06/2020 22:41:00,33.08115,55.6523,31.99704,55.96642,32.104,53.74846
08/06/2020 22:42:00,33.01155,55.75102,31.94201,56.11587,32.09338,53.95516
08/06/2020 22:43:00,33.03469,56.05441,31.92596,56.30025,32.09125,53.99706
08/06/2020 22:44:00,33.01689,56.12775,31.9869,56.37035,32.07917,54.11286
08/06/2020 22:45:00,33.01833,56.12775,31.94025,56.45778,32.07014,54.11058
08/06/2020 22:46:00,32.98848,56.08095,31.94375,56.45012,32.06959,54.17929
08/06/2020 22:47:00,32.98863,55.89853,31.91416,56.31477,32.05967,53.9838
08/06/2020 22:48:00,32.9882,56.07458,31.92919,56.33868,32.05135,53.97215
08/06/2020 22:49:00,32.98641,56.0728,31.91603,56.33197,32.05248,53.99657
08/06/2020 22:50:00,32.9883,55.8874,31.91768,56.30468,32.05028,53.9044
08/06/2020 22:51:00,32.98804,56.02976,31.90757,56.37041,32.04113,54.12904
08/06/2020 22:52:00,32.97539,56.06295,31.90094,56.36064,32.03571,53.96842
08/06/2020 22:53:00,32.98851,56.15089,31.86365,56.36724,32.026,54.03877
08/06/2020 22:54:00,32.98656,56.23327,31.89091,56.42311,32.02357,54.12579
08/06/2020 22:55:00,32.95176,56.17393,31.88217,56.43317,32.01847,54.09593
08/06/2020 22:56:00,32.93604,56.1852,31.84178,56.51888,32.0195,54.17941
08/06/2020 22:57:00,32.96666,56.31702,31.84146,56.55374,31.99907,54.26954
08/06/2020 22:58:00,32.97684,56.27692,31.86523,56.52201,31.99562,54.17053
08/06/2020 22:59:00,32.95996,56.47157,31.83675,56.67591,31.98727,54.43459
08/06/2020 23:00:00,32.97019,56.64381,31.85865,56.85175,31.99004,54.55842
08/06/2020 23:01:00,32.91272,56.66792,31.86361,56.86846,31.98521,54.49123
08/06/2020 23:02:00,32.91322,56.58256,31.89207,56.83038,32.00583,54.50994
08/06/2020 23:03:00,32.91462,56.72408,31.84463,56.92645,31.99475,54.55922
08/06/2020 23:04:00,32.90591,56.66495,31.8057,56.89277,31.99255,54.57384
08/06/2020 23:05:00,32.90442,56.67282,31.83459,56.88251,31.99502,54.4668
08/06/2020 23:06:00,32.91577,56.51223,31.82461,56.68182,32.00487,54.15589
08/06/2020 23:07:00,32.9327,56.25863,31.85856,56.49496,32.04044,54.11839
08/06/2020 23:08:00,32.973,56.43518,31.88534,56.65095,32.04195,54.28706
08/06/2020 23:09:00,32.9883,56.55425,31.88016,56.75486,32.04208,54.34114
08/06/2020 23:10:00,32.98366,56.58521,31.90696,56.81554,32.04088,54.41715
08/06/2020 23:11:00,32.98849,56.56207,31.89364,56.8357,32.02957,54.33493
08/06/2020 23:12:00,32.98914,56.28037,31.89385,56.48695,32.03208,54.07009
08/06/2020 23:13:00,32.97622,56.31318,31.88845,56.53414,32.02833,54.08543
08/06/2020 23:14:00,32.97025,56.09272,31.88529,56.30449,32.03751,53.83894
08/06/2020 23:15:00,32.98823,56.1257,31.89837,56.34776,32.04124,53.89509
08/06/2020 23:16:00,32.98812,55.89813,31.90789,56.10752,32.05956,53.55803
08/06/2020 23:17:00,32.98853,55.8074,31.89058,56.02076,32.07386,53.70442
08/06/2020 23:18:00,32.99157,56.10102,31.89855,56.3342,32.06664,53.83403
08/06/2020 23:19:00,32.9924,55.62099,31.89175,55.82043,32.06312,53.3275
08/06/2020 23:20:00,32.99369,55.51064,31.89842,55.68071,32.0941,53.19951
08/06/2020 23:21:00,32.98847,55.48897,31.90508,55.67664,32.12269,53.22185
08/06/2020 23:22:00,33.07388,55.65992,31.94022,55.84141,32.14198,53.46657
08/06/2020 23:23:00,33.07403,55.9941,31.92572,56.20819,32.11641,53.80325
08/06/2020 23:24:00,33.06067,56.28977,31.9527,56.53491,32.09318,54.28957
08/06/2020 23:25:00,33.01442,56.44952,31.95431,56.67452,32.08012,54.36652
08/06/2020 23:26:00,33.01828,56.38835,31.93504,56.62398,32.07893,54.02245
08/06/2020 23:27:00,33.00505,55.98479,31.93164,56.12313,32.09436,53.86296
08/06/2020 23:28:00,32.98876,56.48953,31.91722,56.73716,32.08742,54.374
08/06/2020 23:29:00,32.98796,56.38746,31.92303,56.70314,32.07643,54.30289
08/06/2020 23:30:00,32.98832,56.44666,31.97198,56.5905,32.08064,54.20508
08/06/2020 23:31:00,32.98859,56.53426,31.92956,56.70703,32.09208,54.30919
08/06/2020 23:32:00,32.98863,56.46216,31.92828,56.61874,32.09362,54.08136
08/06/2020 23:33:00,32.98783,56.37382,31.95759,56.46666,32.08144,54.02448
08/06/2020 23:34:00,32.98801,56.46204,31.90632,56.6003,32.06788,54.1206
08/06/2020 23:35:00,32.9878,56.31207,31.91991,56.40154,32.0547,54.15287
08/06/2020 23:36:00,32.93911,56.52932,31.88154,56.69518,32.03931,54.37177
08/06/2020 23:37:00,32.94229,56.41789,31.9027,56.6475,32.02541,54.32991
08/06/2020 23:38:00,32.96535,56.66074,31.86194,56.79984,32.0261,54.48183
08/06/2020 23:39:00,32.95194,56.47481,31.88211,56.54604,32.01068,54.19741
08/06/2020 23:40:00,32.92005,56.46228,31.8161,56.55553,31.99123,54.17021
08/06/2020 23:41:00,32.90696,56.25973,31.80964,56.40525,31.97796,54.09927
08/06/2020 23:42:00,32.88724,56.233,31.85441,56.27757,31.9811,53.86296
08/06/2020 23:43:00,32.88702,55.92582,31.80674,56.00262,31.98195,53.48086
08/06/2020 23:44:00,32.87507,55.83259,31.78811,55.84245,31.97667,53.46156
08/06/2020 23:45:00,32.87501,55.7369,31.80883,55.73524,31.98242,53.42117
08/06/2020 23:46:00,32.86963,55.7422,31.83322,55.75317,31.99034,53.36434
08/06/2020 23:47:00,32.88489,56.01536,31.81813,55.92921,31.98512,53.64073
08/06/2020 23:48:00,32.88687,55.72918,31.77357,55.73605,31.98356,53.15085
08/06/2020 23:49:00,32.88176,55.54358,31.80837,55.49593,32.01123,53.12775
08/06/2020 23:50:00,32.88738,55.60321,31.80327,55.65303,32.01288,53.15284
08/06/2020 23:51:00,32.8871,55.34333,31.82294,55.34015,32.01909,52.92425
08/06/2020 23:52:00,32.89542,55.17675,31.78637,55.13804,32.03054,52.58049
08/06/2020 23:53:00,32.88695,55.27166,31.85421,55.26342,32.04692,52.97336
08/06/2020 23:54:00,32.887,55.28506,31.87188,55.28167,32.03173,52.78221
08/06/2020 23:55:00,32.88722,55.54579,31.88797,55.61992,32.0241,53.34404
08/06/2020 23:56:00,32.91371,55.25399,31.85645,55.29568,32.02483,52.70417
08/06/2020 23:57:00,32.88683,55.23483,31.86174,55.2135,32.0387,52.76537
08/06/2020 23:58:00,32.88677,55.40198,31.88017,55.39101,32.01811,53.13592
08/06/2020 23:59:00,32.88702,55.53035,31.87656,55.55912,31.99175,53.14447
09/06/2020 00:00:00,32.87352,55.34507,31.86358,55.30217,31.9692,53.11586
09/06/2020 00:01:00,32.88715,55.59111,31.87046,55.63555,31.9593,53.34904
09/06/2020 00:02:00,32.84002,55.37271,31.82852,55.367,31.93376,53.00283
09/06/2020 00:03:00,32.78602,55.2978,31.85973,55.26208,31.92385,53.00274
09/06/2020 00:04:00,32.84848,55.21099,31.76655,55.2516,31.90399,52.91518
09/06/2020 00:05:00,32.7816,55.04131,31.73462,55.03743,31.86932,52.73797
09/06/2020 00:06:00,32.78134,54.92773,31.71334,54.93665,31.83289,52.66676
09/06/2020 00:07:00,32.75572,55.01868,31.75145,55.04281,31.83666,52.7617
09/06/2020 00:08:00,32.73265,54.96124,31.69481,54.96126,31.82471,52.53576
09/06/2020 00:09:00,32.72751,54.88108,31.72382,54.91286,31.82405,52.53454
09/06/2020 00:10:00,32.69941,54.91614,31.82709,54.8806,31.82215,52.54043
09/06/2020 00:11:00,32.70618,55.10836,31.74209,55.1317,31.81729,52.83679
09/06/2020 00:12:00,32.68562,55.23462,31.88467,55.42225,31.80873,53.16999
09/06/2020 00:13:00,32.69072,55.48188,31.76824,55.62919,31.79944,53.32104
09/06/2020 00:14:00,32.68607,55.38608,31.67147,55.61698,31.78816,53.33835
09/06/2020 00:15:00,32.68557,55.551,31.65932,55.78183,31.75709,53.62997
09/06/2020 00:16:00,32.65761,56.20239,31.51166,56.39973,31.71861,54.30229
09/06/2020 00:17:00,32.60358,56.46381,31.41267,56.59967,31.68991,54.43583
09/06/2020 00:18:00,32.58751,56.67454,31.3452,56.81372,31.68087,54.68525
09/06/2020 00:19:00,32.58779,56.82882,31.38406,56.95197,31.66858,54.79356
09/06/2020 00:20:00,32.58789,56.95392,31.31938,57.1021,31.64904,54.95298
09/06/2020 00:21:00,32.58119,57.05462,31.36624,57.23151,31.62039,55.08041
09/06/2020 00:22:00,32.54584,57.12916,31.21616,57.19675,31.59935,55.08941
09/06/2020 00:23:00,32.54272,57.28713,31.16678,57.37481,31.58484,55.31072
09/06/2020 00:24:00,32.51867,57.49836,31.17529,57.67422,31.55018,55.57391
09/06/2020 00:25:00,32.49153,57.61433,31.13016,57.80972,31.5281,55.67184
09/06/2020 00:26:00,32.48629,57.58968,31.16294,57.77784,31.50412,55.69912
09/06/2020 00:27:00,32.48688,57.86967,31.15306,58.11007,31.4818,56.07362
09/06/2020 00:28:00,32.44275,57.50614,31.13694,57.70599,31.48148,55.35226
09/06/2020 00:29:00,32.42753,57.50341,31.03612,57.79539,31.51005,55.59172
09/06/2020 00:30:00,32.40141,57.89334,31.05481,58.0774,31.50073,55.83297
09/06/2020 00:31:00,32.44873,57.89192,31.05944,58.10653,31.49972,55.88033
09/06/2020 00:32:00,32.39358,58.3673,31.07845,58.5978,31.48556,56.48854
09/06/2020 00:33:00,32.3954,58.38769,31.0615,58.60455,31.46671,56.43993
09/06/2020 00:34:00,32.38898,58.14626,31.07336,58.42725,31.45164,56.14966
09/06/2020 00:35:00,32.40073,58.145,31.03091,58.34789,31.43309,56.10994
09/06/2020 00:36:00,32.38938,57.98767,31.07197,58.23558,31.42776,55.96707
09/06/2020 00:37:00,32.37692,58.075,31.04779,58.28657,31.41392,56.01474
09/06/2020 00:38:00,32.35613,57.90225,31.05279,58.16079,31.39962,55.74393
09/06/2020 00:39:00,32.33674,57.67812,31.05507,57.93132,31.41943,55.54518
09/06/2020 00:40:00,32.341,57.82436,31.05979,58.05828,31.43405,55.79951
09/06/2020 00:41:00,32.3116,58.08437,31.06129,58.2951,31.41166,55.98983
09/06/2020 00:42:00,32.30687,58.03504,31.08316,58.25647,31.38708,55.94019
09/06/2020 00:43:00,32.29678,58.11063,31.00615,58.28318,31.372,55.98141
09/06/2020 00:44:00,32.2756,57.984,31.03997,58.10484,31.36115,55.75225
09/06/2020 00:45:00,32.29205,58.04489,31.059,58.16053,31.36923,55.9622
09/06/2020 00:46:00,32.25775,58.18862,31.02294,58.31725,31.33833,56.15341
09/06/2020 00:47:00,32.22421,58.4338,30.99928,58.4904,31.30163,56.36292
09/06/2020 00:48:00,32.21529,58.52382,30.99275,58.5362,31.30056,56.4149
09/06/2020 00:49:00,32.19003,58.65403,30.9993,58.68734,31.28175,56.50947
09/06/2020 00:50:00,32.18542,58.24297,31.002,58.32508,31.27731,55.99042
09/06/2020 00:51:00,32.19341,58.54658,30.99534,58.47578,31.28897,56.31798
09/06/2020 00:52:00,32.20013,58.53783,30.94394,58.4881,31.27691,56.15878
09/06/2020 00:53:00,32.17194,58.46431,30.9409,58.45821,31.27703,56.23788
09/06/2020 00:54:00,32.15159,58.47301,30.95432,58.49633,31.26528,56.19621
09/06/2020 00:55:00,32.09563,58.3599,30.92967,58.44246,31.25277,56.15932
09/06/2020 00:56:00,32.12394,58.29385,30.94285,58.29592,31.2525,55.95555
09/06/2020 00:57:00,32.11411,58.21149,30.92163,58.28553,31.27036,55.9158
09/06/2020 00:58:00,32.15625,58.33692,30.93744,58.39341,31.26525,56.11108
09/06/2020 00:59:00,32.15395,58.55832,30.91373,58.58771,31.26153,56.37394
09/06/2020 01:00:00,32.14558,58.55785,30.90573,58.5188,31.25455,56.27355
09/06/2020 01:01:00,32.12532,58.52507,30.91882,58.42456,31.24506,56.1308
09/06/2020 01:02:00,32.13576,58.40412,30.96321,58.32989,31.24159,56.07044
09/06/2020 01:03:00,32.11772,58.42257,30.9369,58.3194,31.2307,56.17186
09/06/2020 01:04:00,32.11784,58.75481,30.94342,58.70211,31.22021,56.63867
09/06/2020 01:05:00,32.09796,58.77224,30.9085,58.75204,31.2026,56.62135
09/06/2020 01:06:00,32.11089,58.79939,30.93978,58.81073,31.193,56.62083
09/06/2020 01:07:00,32.09783,58.72598,30.91841,58.77887,31.17801,56.63169
09/06/2020 01:08:00,32.08886,58.86037,30.89484,58.90409,31.17921,56.71168
09/06/2020 01:09:00,32.091,58.84344,30.90498,58.78498,31.18459,56.67036
09/06/2020 01:10:00,32.09057,59.13815,30.90272,59.29369,31.17462,57.20103
09/06/2020 01:11:00,32.09018,59.17805,30.89869,59.38355,31.1641,57.1245
09/06/2020 01:12:00,32.08871,59.23219,30.88186,59.36235,31.14118,57.10723
09/06/2020 01:13:00,32.07496,59.07461,30.88708,59.1997,31.13933,56.9094
09/06/2020 01:14:00,32.09042,58.93618,30.86868,59.05041,31.13105,56.78155
09/06/2020 01:15:00,32.08712,59.05553,30.83988,59.1964,31.1113,57.13448
09/06/2020 01:16:00,32.0641,59.14558,30.81198,59.44064,31.10068,57.19783
09/06/2020 01:17:00,32.06362,59.16961,30.82447,59.48792,31.09683,57.28352
09/06/2020 01:18:00,32.05596,59.16776,30.82411,59.47823,31.09728,57.2723
09/06/2020 01:19:00,32.06704,59.15805,30.80419,59.5044,31.08789,57.31564
09/06/2020 01:20:00,31.99071,59.24102,30.8169,59.49298,31.09433,57.23742
09/06/2020 01:21:00,32.01228,59.23954,30.80332,59.5343,31.09515,57.29284
09/06/2020 01:22:00,32.02843,59.4549,30.80281,59.73001,31.08457,57.64486
09/06/2020 01:23:00,32.01843,59.52879,30.78095,59.72752,31.06842,57.46606
09/06/2020 01:24:00,31.9907,59.51076,30.78943,59.70618,31.06088,57.52582
09/06/2020 01:25:00,31.99191,59.34458,30.75926,59.53592,31.05311,57.20795
09/06/2020 01:26:00,31.96892,59.29862,30.73553,59.39677,31.0664,57.11749
09/06/2020 01:27:00,31.98398,59.40244,30.72039,59.5734,31.05617,57.40252
09/06/2020 01:28:00,31.98904,59.69698,30.71852,59.78452,31.04072,57.61706
09/06/2020 01:29:00,31.94357,59.73355,30.7084,59.79994,31.02228,57.57383
09/06/2020 01:30:00,31.98734,59.69305,30.71311,59.70917,31.03464,57.55572
09/06/2020 01:31:00,31.93093,59.82227,30.73111,59.84235,31.03585,57.63427
09/06/2020 01:32:00,31.90636,59.85668,30.71816,59.89119,31.03647,57.62798
09/06/2020 01:33:00,31.92115,59.90062,30.7126,59.89195,31.043,57.64195
09/06/2020 01:34:00,31.91893,59.89776,30.7081,59.93258,31.02823,57.63406
09/06/2020 01:35:00,31.91275,59.95632,30.68515,60.00639,31.01892,57.85042
09/06/2020 01:36:00,31.91912,60.0003,30.70147,60.02781,31.00022,57.78476
09/06/2020 01:37:00,31.88861,60.01655,30.68077,60.07924,30.98167,57.94769
09/06/2020 01:38:00,31.88843,59.95851,30.70128,59.95577,30.9646,57.6731
09/06/2020 01:39:00,31.88851,59.79966,30.6946,59.77565,30.95994,57.60036
09/06/2020 01:40:00,31.8805,59.68726,30.655,59.70059,30.96154,57.40638
09/06/2020 01:41:00,31.85499,59.51278,30.67759,59.54173,30.98698,57.17224
09/06/2020 01:42:00,31.86885,59.31283,30.69812,59.33108,31.02745,56.83832
09/06/2020 01:43:00,31.88518,59.40999,30.7011,59.4613,31.03686,57.10496
09/06/2020 01:44:00,31.88864,59.69318,30.70091,59.5903,31.02384,57.27184
09/06/2020 01:45:00,31.8699,59.64735,30.70054,59.63339,31.00861,57.35002
09/06/2020 01:46:00,31.88861,59.72993,30.71796,59.70919,30.9982,57.42745
09/06/2020 01:47:00,31.88802,59.82463,30.70105,59.75217,30.99956,57.52633
09/06/2020 01:48:00,31.88334,59.87571,30.70088,59.85532,30.99536,57.59106
09/06/2020 01:49:00,31.88822,59.99198,30.701,60.00523,30.9792,57.80056
09/06/2020 01:50:00,31.87484,59.88697,30.68978,59.83586,30.98101,57.49383
09/06/2020 01:51:00,31.88171,59.77637,30.7029,59.70253,30.97777,57.4184
09/06/2020 01:52:00,31.87802,59.86689,30.65557,59.80813,30.96576,57.5745
09/06/2020 01:53:00,31.85163,59.90463,30.69816,59.84825,30.95513,57.62582
09/06/2020 01:54:00,31.83136,59.89956,30.64823,59.89048,30.94819,57.64532
09/06/2020 01:55:00,31.87157,59.79378,30.64285,59.76543,30.95112,57.47358
09/06/2020 01:56:00,31.83327,59.86715,30.67196,59.84367,30.95478,57.61043
09/06/2020 01:57:00,31.85114,59.98991,30.67171,59.96809,30.9418,57.75962
09/06/2020 01:58:00,31.84991,60.05647,30.62724,60.05175,30.92125,57.89254
09/06/2020 01:59:00,31.83591,60.07543,30.65294,60.11768,30.90863,58.02128
09/06/2020 02:00:00,31.81474,60.34676,30.64095,60.52527,30.89574,58.36449
09/06/2020 02:01:00,31.79071,60.45624,30.60177,60.59993,30.89114,58.48079
09/06/2020 02:02:00,31.78754,60.69275,30.616,60.83632,30.87384,58.86684
09/06/2020 02:03:00,31.78213,61.00881,30.60209,61.0738,30.85617,59.09553
09/06/2020 02:04:00,31.78382,61.11724,30.59969,61.12459,30.8558,59.00231
09/06/2020 02:05:00,31.78746,61.11878,30.59945,61.15765,30.85152,59.10338
09/06/2020 02:06:00,31.76929,61.24711,30.59644,61.3411,30.84747,59.32704
09/06/2020 02:07:00,31.76548,61.34155,30.55396,61.43687,30.80717,59.41809
09/06/2020 02:08:00,31.70417,61.46095,30.55108,61.56554,30.78921,59.56382
09/06/2020 02:09:00,31.68727,61.61604,30.50919,61.70099,30.78304,59.68019
09/06/2020 02:10:00,31.68069,61.65113,30.50453,61.84933,30.75298,59.81173
09/06/2020 02:11:00,31.68306,61.72225,30.50116,61.89745,30.73034,59.81811
09/06/2020 02:12:00,31.64382,61.81129,30.49802,61.98829,30.72433,59.92291
09/06/2020 02:13:00,31.62525,61.81418,30.45816,62.00108,30.70764,59.95571
09/06/2020 02:14:00,31.59903,61.9611,30.46528,62.11476,30.71937,60.01294
09/06/2020 02:15:00,31.5888,62.05084,30.45188,62.19009,30.72857,59.96769
09/06/2020 02:16:00,31.58713,62.05108,30.42785,62.0791,30.74339,59.85921
09/06/2020 02:17:00,31.59381,61.96541,30.46071,62.04698,30.74781,59.74482
09/06/2020 02:18:00,31.61168,61.85591,30.48215,62.00328,30.75041,59.73637
09/06/2020 02:19:00,31.5865,61.73547,30.4842,61.69312,30.74846,59.28566
09/06/2020 02:20:00,31.5871,61.56491,30.49214,61.49893,30.77236,59.31552
09/06/2020 02:21:00,31.58676,61.26499,30.4971,61.23518,30.77807,58.71571
09/06/2020 02:22:00,31.5867,61.28899,30.50033,61.32723,30.80297,59.01788
09/06/2020 02:23:00,31.61424,61.48287,30.48384,61.47148,30.7867,59.23891
09/06/2020 02:24:00,31.59495,61.52278,30.49976,61.49287,30.76647,59.25892
09/06/2020 02:25:00,31.60335,61.56653,30.49595,61.4968,30.76663,59.31315
09/06/2020 02:26:00,31.58692,61.61508,30.47769,61.53203,30.75707,59.34523
09/06/2020 02:27:00,31.58622,61.768,30.4919,61.6729,30.73674,59.52407
09/06/2020 02:28:00,31.58663,61.72673,30.47689,61.6455,30.71465,59.47267
09/06/2020 02:29:00,31.58661,61.55426,30.44135,61.52449,30.73635,59.30471
09/06/2020 02:30:00,31.58708,61.68892,30.47858,61.65757,30.72493,59.48077
09/06/2020 02:31:00,31.58359,61.67033,30.48806,61.60497,30.72573,59.38755
09/06/2020 02:32:00,31.58106,61.69511,30.48346,61.66883,30.72803,59.46615
09/06/2020 02:33:00,31.57301,61.31669,30.4751,61.17395,30.73742,58.7582
09/06/2020 02:34:00,31.58697,61.30235,30.46045,61.20887,30.7543,58.97567
09/06/2020 02:35:00,31.58634,61.41269,30.49178,61.39549,30.74893,59.1647
09/06/2020 02:36:00,31.58672,61.45047,30.50004,61.45798,30.74268,59.27483
09/06/2020 02:37:00,31.5868,61.54822,30.5002,61.59034,30.72713,59.42376
09/06/2020 02:38:00,31.58657,61.62734,30.4833,61.68603,30.71247,59.57975
09/06/2020 02:39:00,31.59189,61.79782,30.49996,61.89009,30.6842,59.74347
09/06/2020 02:40:00,31.58672,61.64458,30.49567,61.69094,30.6624,59.38373
09/06/2020 02:41:00,31.58637,61.41799,30.46766,61.44971,30.68702,59.2494
09/06/2020 02:42:00,31.58607,61.55439,30.43319,61.51074,30.68216,59.44839
09/06/2020 02:43:00,31.57122,61.96474,30.48127,62.05406,30.65953,59.95488
09/06/2020 02:44:00,31.57965,62.06096,30.47454,62.1696,30.64232,60.01757
09/06/2020 02:45:00,31.52703,62.21499,30.41909,62.25871,30.62311,60.20351
09/06/2020 02:46:00,31.5061,62.37435,30.40212,62.472,30.59387,60.49446
09/06/2020 02:47:00,31.49584,62.48742,30.38978,62.57673,30.57781,60.62611
09/06/2020 02:48:00,31.49308,62.28804,30.40165,62.3674,30.56537,60.08451
09/06/2020 02:49:00,31.49268,62.03385,30.40211,62.07817,30.56889,59.97721
09/06/2020 02:50:00,31.4844,62.15891,30.38697,62.25972,30.56411,60.13773
09/06/2020 02:51:00,31.48438,62.26184,30.34912,62.28326,30.56214,60.1118
09/06/2020 02:52:00,31.48412,62.30965,30.32657,62.29369,30.56075,60.1294
09/06/2020 02:53:00,31.48413,62.30928,30.32648,62.3679,30.54813,60.20082
09/06/2020 02:54:00,31.45853,62.37722,30.37874,62.46255,30.5419,60.32849
09/06/2020 02:55:00,31.47705,62.31256,30.34264,62.36111,30.53258,60.13925
09/06/2020 02:56:00,31.44614,62.30898,30.31282,62.34094,30.55062,60.08466
09/06/2020 02:57:00,31.44796,62.3788,30.32428,62.45726,30.54727,60.32358
09/06/2020 02:58:00,31.39826,62.50798,30.33265,62.49592,30.53657,60.33923
09/06/2020 02:59:00,31.38639,62.58419,30.37563,62.62743,30.52799,60.63853
09/06/2020 03:00:00,31.40722,62.7936,30.36828,62.8893,30.51247,60.87284
09/06/2020 03:01:00,31.43594,62.76094,30.30876,62.92983,30.49631,60.90929
09/06/2020 03:02:00,31.38193,62.92231,30.30918,63.0119,30.47341,61.08387
09/06/2020 03:03:00,31.38156,63.12099,30.30769,63.22274,30.45245,61.27692
09/06/2020 03:04:00,31.37998,63.28967,30.30275,63.46201,30.42657,61.58788
09/06/2020 03:05:00,31.35222,63.52573,30.30289,63.70001,30.39177,61.85059
09/06/2020 03:06:00,31.29643,63.64751,30.26398,63.79995,30.37009,61.95131
09/06/2020 03:07:00,31.27743,63.64547,30.22615,63.81835,30.3365,61.9784
09/06/2020 03:08:00,31.24192,63.82096,30.2018,63.9114,30.31228,62.0807
09/06/2020 03:09:00,31.18759,63.85495,30.21932,63.92512,30.28227,62.08062
09/06/2020 03:10:00,31.17554,63.98332,30.20782,64.10519,30.26962,62.34049
09/06/2020 03:11:00,31.17335,63.93443,30.21768,64.0741,30.263,62.12196
09/06/2020 03:12:00,31.17153,63.94117,30.21305,63.99201,30.25929,62.04459
09/06/2020 03:13:00,31.16359,63.95631,30.18743,64.09335,30.24287,62.20557
09/06/2020 03:14:00,31.13497,64.01155,30.20073,64.12344,30.23646,62.13645
09/06/2020 03:15:00,31.10402,63.95121,30.19901,63.99138,30.21501,61.97357
09/06/2020 03:16:00,31.07422,64.00807,30.19587,64.05579,30.21987,62.09564
09/06/2020 03:17:00,31.07416,63.98667,30.18563,64.05363,30.2107,62.04502
09/06/2020 03:18:00,31.07401,64.05524,30.18999,64.1209,30.2149,62.14286
09/06/2020 03:19:00,31.07403,64.19383,30.2005,64.31141,30.20179,62.43945
09/06/2020 03:20:00,31.0737,64.21468,30.20517,64.32122,30.19055,62.37061
09/06/2020 03:21:00,31.07369,64.188,30.20042,64.30484,30.17686,62.32641
09/06/2020 03:22:00,31.07325,64.21777,30.16354,64.38994,30.15417,62.50889
09/06/2020 03:23:00,31.07363,64.27675,30.19014,64.49028,30.13896,62.59458
09/06/2020 03:24:00,31.05548,64.2609,30.18332,64.50575,30.11799,62.59155
09/06/2020 03:25:00,31.04573,64.41818,30.16284,64.60111,30.0987,62.66032
09/06/2020 03:26:00,31.01925,64.56522,30.15258,64.64306,30.08491,62.80033
09/06/2020 03:27:00,30.99479,64.63833,30.1818,64.75526,30.06968,62.91421
09/06/2020 03:28:00,30.97485,64.52915,30.11166,64.68786,30.07139,62.69792
09/06/2020 03:29:00,30.97451,64.69296,30.09968,64.80114,30.06546,62.85677
09/06/2020 03:30:00,30.97459,64.89127,30.09956,64.96387,30.03517,63.05552
09/06/2020 03:31:00,30.94362,64.85762,30.09985,64.99558,30.02054,63.04985
09/06/2020 03:32:00,30.91342,64.90889,30.09915,64.90475,30.00568,63.00039
09/06/2020 03:33:00,30.87955,64.92239,30.09919,64.96499,29.98697,63.0445
09/06/2020 03:34:00,30.88505,64.87462,30.09899,64.90078,29.96921,62.95229
09/06/2020 03:35:00,30.87463,64.85133,30.09786,64.96394,29.96272,62.98703
09/06/2020 03:36:00,30.8826,64.82828,30.10192,64.96733,29.94636,63.09733
09/06/2020 03:37:00,30.87235,64.85587,30.09763,64.96507,29.92652,63.11371
09/06/2020 03:38:00,30.87222,64.98209,30.09928,65.05952,29.91121,63.14671
09/06/2020 03:39:00,30.84832,64.94019,30.0723,65.04832,29.88848,63.19605
09/06/2020 03:40:00,30.80243,64.85815,30.07971,65.03329,29.87917,63.07264
09/06/2020 03:41:00,30.79541,64.82106,30.0479,65.03543,29.8675,63.13136
09/06/2020 03:42:00,30.78387,64.91031,30.00137,65.1058,29.84797,63.17511
09/06/2020 03:43:00,30.77218,64.72068,30.0164,64.84776,29.85803,62.72469
09/06/2020 03:44:00,30.77213,64.72885,30.02048,64.83096,29.85707,62.81578
09/06/2020 03:45:00,30.76988,64.62858,30.01263,64.63136,29.85536,62.54037
09/06/2020 03:46:00,30.77205,64.3882,29.997,64.38424,29.86152,62.16825
09/06/2020 03:47:00,30.74143,64.30317,29.9982,64.25228,29.87541,62.32962
09/06/2020 03:48:00,30.772,64.56095,30.04233,64.57391,29.87481,62.47606
09/06/2020 03:49:00,30.76093,64.51131,30.02204,64.50775,29.86669,62.47699
09/06/2020 03:50:00,30.76347,64.51081,30.02877,64.42274,29.85743,62.42243
09/06/2020 03:51:00,30.77,64.59215,30.06292,64.52908,29.84773,62.51271
09/06/2020 03:52:00,30.77006,64.60999,30.04252,64.51185,29.83714,62.60885
09/06/2020 03:53:00,30.75558,64.67709,29.99902,64.7348,29.82977,62.7197
09/06/2020 03:54:00,30.72281,64.53281,29.99727,64.54922,29.82022,62.5306
09/06/2020 03:55:00,30.74769,64.50772,29.99738,64.62967,29.8233,62.47876
09/06/2020 03:56:00,30.76039,64.40559,30.03865,64.3895,29.81911,62.36585
09/06/2020 03:57:00,30.77012,64.35944,29.9999,64.51653,29.81779,62.49349
09/06/2020 03:58:00,30.72745,64.39693,30.01523,64.50332,29.80886,62.43688
09/06/2020 03:59:00,30.70754,64.23742,30.00544,64.38912,29.81134,62.36437
09/06/2020 04:00:00,30.69762,64.26903,29.99829,64.2753,29.81761,62.07595
09/06/2020 04:01:00,30.6943,64.21105,30.01021,64.21586,29.84641,62.13957
09/06/2020 04:02:00,30.72891,64.17904,30.02215,64.16334,29.8458,62.06248
09/06/2020 04:03:00,30.71112,64.17057,30.02391,64.15681,29.84717,61.9197
09/06/2020 04:04:00,30.73877,64.07677,30.01665,64.09212,29.84314,61.92151
09/06/2020 04:05:00,30.75024,64.02829,30.06531,64.05054,29.84482,61.89315
09/06/2020 04:06:00,30.7712,64.0096,29.99998,64.09162,29.83723,61.92788
09/06/2020 04:07:00,30.75806,64.02475,30.06744,64.09948,29.83464,62.05168
09/06/2020 04:08:00,30.70642,64.11373,30.03506,64.20025,29.82648,62.15415
09/06/2020 04:09:00,30.74549,64.16203,30.03684,64.20045,29.82403,62.15861
09/06/2020 04:10:00,30.70285,64.15373,30.02192,64.15791,29.82392,62.05713
09/06/2020 04:11:00,30.70255,64.1582,30.06389,64.10423,29.8393,61.96155
09/06/2020 04:12:00,30.71261,64.16005,30.04731,64.09603,29.83962,62.03467
09/06/2020 04:13:00,30.6747,64.19154,30.05965,64.14761,29.82791,61.98356
09/06/2020 04:14:00,30.6732,64.10485,30.02639,63.97243,29.84072,61.88845
09/06/2020 04:15:00,30.67337,64.04443,30.04363,63.89934,29.84948,61.63784
09/06/2020 04:16:00,30.70835,64.04297,30.0942,63.89305,29.8719,61.68641
09/06/2020 04:17:00,30.67744,64.11771,30.08582,63.90314,29.86644,61.81078
09/06/2020 04:18:00,30.68907,64.01568,30.08097,63.83681,29.86602,61.57268
09/06/2020 04:19:00,30.70401,63.94032,30.06725,63.7634,29.88213,61.57213
09/06/2020 04:20:00,30.70723,64.08647,30.08401,63.9633,29.87305,61.88468
09/06/2020 04:21:00,30.71702,64.19462,30.09402,64.04219,29.85532,62.0057
09/06/2020 04:22:00,30.69916,64.04793,30.09063,63.82615,29.8394,61.71773
09/06/2020 04:23:00,30.71509,64.11752,30.07542,63.94337,29.84192,61.95652
09/06/2020 04:24:00,30.6729,64.21959,30.03336,64.00513,29.82944,62.00191
09/06/2020 04:25:00,30.67444,64.25591,30.07005,64.07648,29.82151,62.01419
09/06/2020 04:26:00,30.68126,64.19795,30.0454,64.05444,29.81479,62.03991
09/06/2020 04:27:00,30.6727,63.97652,30.01553,63.83033,29.82636,61.42689
09/06/2020 04:28:00,30.67451,63.71635,30.00402,63.55558,29.88551,61.39437
09/06/2020 04:29:00,30.6727,64.09589,30.08908,63.95332,29.87348,61.73743
09/06/2020 04:30:00,30.70722,63.90946,30.09762,63.79168,29.85715,61.65725
09/06/2020 04:31:00,30.67318,63.81828,30.05172,63.72287,29.85348,61.35466
09/06/2020 04:32:00,30.68389,63.65738,30.08892,63.49934,29.87555,61.27556
09/06/2020 04:33:00,30.67266,63.68692,30.07688,63.53196,29.87005,61.25923
09/06/2020 04:34:00,30.67758,63.79328,30.09809,63.61619,29.868,61.51777
09/06/2020 04:35:00,30.69542,63.98654,30.08307,63.82129,29.8606,61.94736
09/06/2020 04:36:00,30.69202,64.23627,30.09328,64.16747,29.83738,62.17762
09/06/2020 04:37:00,30.70413,64.23597,30.08383,64.10262,29.81271,62.1888
09/06/2020 04:38:00,30.67302,63.97134,30.05468,63.86126,29.81916,61.58676
09/06/2020 04:39:00,30.67294,63.86515,30.07203,63.72739,29.84034,61.71922
09/06/2020 04:40:00,30.67003,64.13128,30.05859,64.0201,29.82157,62.02994
09/06/2020 04:41:00,30.67256,64.14916,30.01141,64.05177,29.80043,62.05749
09/06/2020 04:42:00,30.67302,64.24603,30.0161,64.13057,29.77855,62.07268
09/06/2020 04:43:00,30.65892,64.09272,29.99777,63.94307,29.78748,61.92834
09/06/2020 04:44:00,30.67291,64.21954,29.9961,64.10296,29.78973,62.16552
09/06/2020 04:45:00,30.66279,64.48991,30.00836,64.28794,29.77233,62.35121
09/06/2020 04:46:00,30.63903,64.44395,30.01249,64.24746,29.76786,62.19732
09/06/2020 04:47:00,30.61958,64.3649,29.99451,64.23317,29.77965,62.17418
09/06/2020 04:48:00,30.64351,64.5229,29.99854,64.31114,29.78927,62.2625
09/06/2020 04:49:00,30.65182,64.60925,29.99598,64.36304,29.77992,62.33862
09/06/2020 04:50:00,30.62859,64.5808,29.99549,64.31108,29.77881,62.2384
09/06/2020 04:51:00,30.59394,64.31467,29.98252,64.12465,29.77041,61.96986
09/06/2020 04:52:00,30.60357,64.35535,29.99567,64.13734,29.77911,62.09693
09/06/2020 04:53:00,30.59414,64.49525,29.99621,64.21137,29.77628,62.14706
09/06/2020 04:54:00,30.61666,64.61087,29.95851,64.31988,29.74817,62.32267
09/06/2020 04:55:00,30.58419,64.66928,29.98128,64.35384,29.73899,62.40928
09/06/2020 04:56:00,30.61496,64.74445,29.90995,64.44233,29.72988,62.54895
09/06/2020 04:57:00,30.57635,64.83907,29.89677,64.69631,29.71653,62.67553
09/06/2020 04:58:00,30.5794,64.89866,29.88258,64.76306,29.7041,62.80708
09/06/2020 04:59:00,30.57612,64.94347,29.88567,64.89407,29.69172,62.86895
09/06/2020 05:00:00,30.57654,64.92199,29.88112,64.89403,29.67475,62.87222
09/06/2020 05:01:00,30.57648,64.9473,29.86443,64.9225,29.676,62.90219
09/06/2020 05:02:00,30.57714,64.96248,29.92344,65.04929,29.67053,63.10086
09/06/2020 05:03:00,30.57632,65.15176,29.904,65.10921,29.66082,63.12738
09/06/2020 05:04:00,30.55541,65.24126,29.89869,65.19667,29.64478,63.23652
09/06/2020 05:05:00,30.54036,65.41323,29.88865,65.37521,29.6496,63.48415
09/06/2020 05:06:00,30.53301,65.78278,29.89973,65.6693,29.65809,63.97871
09/06/2020 05:07:00,30.56464,65.87446,29.92013,65.78191,29.68188,63.72692
09/06/2020 05:08:00,30.56042,65.86387,29.89929,65.73283,29.72139,63.64539
09/06/2020 05:09:00,30.57122,65.93682,29.9063,65.87996,29.71809,63.83609
09/06/2020 05:10:00,30.55422,65.59955,29.91916,65.63847,29.72465,63.26958
09/06/2020 05:11:00,30.57618,65.34365,29.94563,65.44811,29.7542,62.91308
09/06/2020 05:12:00,30.57631,65.19001,29.95824,65.16124,29.80396,62.71844
09/06/2020 05:13:00,30.58438,64.8788,29.99744,64.81481,29.83039,62.08619
09/06/2020 05:14:00,30.59054,64.56749,29.9978,64.39786,29.87262,61.71116
09/06/2020 05:15:00,30.66583,64.66405,29.99736,64.49603,29.91111,62.05825
09/06/2020 05:16:00,30.67215,64.9307,30.08331,64.86773,29.91679,62.54579
09/06/2020 05:17:00,30.67348,65.15803,30.0973,65.03577,29.89126,62.83511
09/06/2020 05:18:00,30.68849,65.21353,30.09719,65.24928,29.87142,63.17793
09/06/2020 05:19:00,30.67226,65.36417,30.09875,65.30045,29.84122,63.33192
09/06/2020 05:20:00,30.6625,65.51547,30.08859,65.48885,29.81385,63.66667
09/06/2020 05:21:00,30.65234,65.51645,30.01631,65.48745,29.79777,63.58021
09/06/2020 05:22:00,30.67492,65.69052,30.07059,65.52225,29.7785,63.70575
09/06/2020 05:23:00,30.66984,65.51314,29.99946,65.39783,29.73656,63.47373
09/06/2020 05:24:00,30.61702,65.47062,29.99671,65.3587,29.70996,63.58984
09/06/2020 05:25:00,30.61433,65.57477,29.99781,65.47309,29.68381,63.63036
09/06/2020 05:26:00,30.58712,65.36422,29.99152,65.29387,29.64945,63.40566
09/06/2020 05:27:00,30.57568,65.48682,29.95516,65.43169,29.62786,63.70337
09/06/2020 05:28:00,30.55925,65.60432,29.89788,65.58643,29.608,63.80186
09/06/2020 05:29:00,30.55092,65.76686,29.89459,65.70106,29.57662,64.15336
09/06/2020 05:30:00,30.49933,66.10644,29.86811,66.04002,29.54049,64.43711
09/06/2020 05:31:00,30.48815,66.2653,29.84373,66.28651,29.52317,64.65649
09/06/2020 05:32:00,30.47655,66.37296,29.7995,66.43491,29.50608,64.76837
09/06/2020 05:33:00,30.47656,66.26866,29.79975,66.33602,29.50038,64.49132
09/06/2020 05:34:00,30.47646,66.35478,29.79677,66.41389,29.49792,64.65078
09/06/2020 05:35:00,30.46656,66.50182,29.79947,66.55516,29.49117,64.77225
09/06/2020 05:36:00,30.45573,66.51036,29.74765,66.63757,29.49269,64.87295
09/06/2020 05:37:00,30.46524,66.46187,29.73838,66.61473,29.48169,64.73154
09/06/2020 05:38:00,30.45451,66.61187,29.75669,66.72412,29.47305,64.97185
09/06/2020 05:39:00,30.42848,66.6158,29.75215,66.72433,29.46706,64.99108
09/06/2020 05:40:00,30.41393,66.6157,29.74831,66.72247,29.46,64.94054
09/06/2020 05:41:00,30.41378,66.61497,29.70318,66.77426,29.44512,64.85123
09/06/2020 05:42:00,30.3992,66.43907,29.70829,66.58404,29.44468,64.64063
09/06/2020 05:43:00,30.38239,66.4636,29.70828,66.62522,29.44104,64.67966
09/06/2020 05:44:00,30.37977,66.29982,29.70009,66.48362,29.44306,64.40752
09/06/2020 05:45:00,30.38599,66.18117,29.69978,66.31138,29.47344,64.23975
09/06/2020 05:46:00,30.38519,66.26727,29.71675,66.3782,29.47994,64.32564
09/06/2020 05:47:00,30.40093,66.24786,29.72996,66.35761,29.48984,64.33472
09/06/2020 05:48:00,30.44753,66.18122,29.77312,66.33597,29.50972,64.15397
09/06/2020 05:49:00,30.46856,66.11337,29.71516,66.23822,29.52115,64.09071
09/06/2020 05:50:00,30.47652,66.11314,29.71916,66.27818,29.53157,64.1406
09/06/2020 05:51:00,30.47716,66.1136,29.78348,66.27773,29.54566,64.12529
09/06/2020 05:52:00,30.47735,66.13943,29.79543,66.27753,29.54757,64.17964
09/06/2020 05:53:00,30.47759,65.96263,29.79755,66.04108,29.56633,63.90517
09/06/2020 05:54:00,30.50603,65.96763,29.79904,66.07912,29.59428,63.85781
09/06/2020 05:55:00,30.48929,65.79809,29.78728,65.85311,29.61792,63.5871
09/06/2020 05:56:00,30.56148,65.26405,29.78732,65.39127,29.65676,62.87641
09/06/2020 05:57:00,30.57766,65.07713,29.79924,65.15829,29.69674,62.69628
09/06/2020 05:58:00,30.58816,64.87014,29.81239,64.98795,29.72778,62.37965
09/06/2020 05:59:00,30.60773,64.73,29.79947,64.84669,29.76599,62.27161
09/06/2020 06:00:00,30.67172,64.47844,29.83688,64.52998,29.79248,61.91177
09/06/2020 06:01:00,30.67436,64.3036,29.87304,64.35159,29.80565,61.89408
09/06/2020 06:02:00,30.72096,64.38383,29.83018,64.33823,29.82998,62.01615
09/06/2020 06:03:00,30.76992,64.34557,29.8045,64.40749,29.84695,62.07096
09/06/2020 06:04:00,30.77332,64.20362,29.79162,64.27615,29.86558,61.83451
09/06/2020 06:05:00,30.77362,63.69915,29.79847,63.65006,29.8895,60.95041
09/06/2020 06:06:00,30.83467,63.51235,29.79861,63.50365,29.92485,60.99116
09/06/2020 06:07:00,30.86807,63.44695,29.77049,63.33997,29.95305,60.73396
09/06/2020 06:08:00,30.87144,63.05621,29.7421,62.98112,29.98694,60.43128
09/06/2020 06:09:00,30.87165,62.85268,29.76242,62.76767,30.01498,60.09955
09/06/2020 06:10:00,30.8772,62.15277,29.72922,62.08067,30.0378,59.2262
09/06/2020 06:11:00,30.94769,62.24107,29.79942,62.0655,30.06296,59.66266
09/06/2020 06:12:00,30.9718,62.47803,29.80041,62.27542,30.09126,59.5831
09/06/2020 06:13:00,30.97319,62.21846,29.7991,62.06843,30.10522,59.59389
09/06/2020 06:14:00,30.97313,62.46106,29.79933,62.31065,30.12094,59.79464
09/06/2020 06:15:00,30.97861,62.33329,29.88728,62.19756,30.11359,59.64503
09/06/2020 06:16:00,31.04868,62.23903,29.83093,62.10863,30.12405,59.61258
09/06/2020 06:17:00,31.05173,62.16634,29.84353,62.09172,30.13181,59.56605
09/06/2020 06:18:00,31.05884,62.18706,29.83348,62.13589,30.13379,59.76947
09/06/2020 06:19:00,31.0738,62.41065,29.88307,62.39248,30.17157,59.92696
09/06/2020 06:20:00,31.0788,62.33757,29.89798,62.34837,30.18266,59.87073
09/06/2020 06:21:00,31.14858,62.31192,29.90023,62.24982,30.18008,59.77715
09/06/2020 06:22:00,31.15782,62.15322,29.90016,62.16425,30.20061,59.72824
09/06/2020 06:23:00,31.17046,62.14207,29.90853,62.24641,30.22169,59.6884
09/06/2020 06:24:00,31.17349,62.10525,29.92728,62.19083,30.21842,59.74884
09/06/2020 06:25:00,31.19811,62.10765,29.91925,62.16872,30.21735,59.69215
09/06/2020 06:26:00,31.22046,62.00928,29.9667,62.12612,30.24356,59.66563
09/06/2020 06:27:00,31.25476,61.77299,29.97473,61.90358,30.27005,59.37339
09/06/2020 06:28:00,31.27246,61.82842,30.00005,61.94338,30.31179,59.40088
09/06/2020 06:29:00,31.30279,61.44887,30.01184,61.46929,30.33008,58.82364
09/06/2020 06:30:00,31.34217,61.29026,30.02649,61.31089,30.39019,58.89269
09/06/2020 06:31:00,31.39925,61.3583,30.10213,61.45135,30.4788,58.74435
09/06/2020 06:32:00,31.47967,61.18405,30.14742,61.25412,30.58001,58.3375
09/06/2020 06:33:00,31.57674,60.93905,30.18176,61.01133,30.65388,58.0609
09/06/2020 06:34:00,31.64215,60.59534,30.20049,60.83546,30.75405,57.79195
09/06/2020 06:35:00,31.73228,60.63866,30.19407,60.97775,30.80845,58.07305
09/06/2020 06:36:00,31.84254,60.9135,30.64922,61.14036,30.88801,58.23793
09/06/2020 06:37:00,31.93798,60.72594,30.7448,61.07988,30.93475,58.20396
09/06/2020 06:38:00,31.98905,60.44771,30.74838,60.81618,30.97941,57.86644
09/06/2020 06:39:00,32.08241,60.59424,30.80834,61.06483,30.99006,58.28625
09/06/2020 06:40:00,32.09942,60.11896,30.79713,60.54958,30.95867,57.58216
09/06/2020 06:41:00,32.17145,59.58019,30.80744,60.06118,30.97799,57.44313
09/06/2020 06:42:00,32.18926,59.62804,30.809,59.98389,30.94846,57.2585
09/06/2020 06:43:00,32.1891,59.25859,30.80734,59.66164,30.96668,57.11347
09/06/2020 06:44:00,32.18999,59.07101,30.80816,59.36518,31.02601,56.39214
09/06/2020 06:45:00,32.22253,58.98103,30.8434,59.46362,31.08472,56.60505
09/06/2020 06:46:00,32.2482,58.92434,30.8847,59.45778,31.14686,56.45327
09/06/2020 06:47:00,32.30812,58.65304,30.90847,59.22584,31.1432,56.13128
09/06/2020 06:48:00,32.29849,58.32404,30.90881,58.84711,31.09541,56.23138
09/06/2020 06:49:00,32.29199,58.76381,30.92069,59.33456,31.12075,56.62181
09/06/2020 06:50:00,32.32647,58.97817,30.95205,59.48952,31.15551,56.71358
09/06/2020 06:51:00,32.37318,58.59563,31.00141,59.11929,31.15568,56.2281
09/06/2020 06:52:00,32.31491,58.65385,30.97834,59.03367,31.15999,56.28883
09/06/2020 06:53:00,32.33017,58.60424,31.00974,58.64737,31.21332,55.8686
09/06/2020 06:54:00,32.35578,58.56206,31.01666,58.62172,31.1809,55.93882
09/06/2020 06:55:00,32.32405,58.32579,31.0078,58.27735,31.14667,55.79572
09/06/2020 06:56:00,32.27796,58.64407,31.00785,58.62677,31.15286,56.224
09/06/2020 06:57:00,32.29393,58.71251,31.00794,58.65564,31.25064,55.88361
09/06/2020 06:58:00,32.33904,58.73132,31.07789,58.78873,31.41042,55.87616
09/06/2020 06:59:00,32.39127,58.76236,31.19192,58.83827,31.45248,55.87801
09/06/2020 07:00:00,32.38921,58.50791,31.20901,58.51536,31.3799,55.82187
09/06/2020 07:01:00,32.39254,58.53861,31.20694,58.55432,31.39723,55.73693
09/06/2020 07:02:00,32.47327,58.10349,31.20685,58.0941,31.48617,55.07916
09/06/2020 07:03:00,32.49147,58.16155,31.28461,58.13501,31.56783,55.213
09/06/2020 07:04:00,32.55283,57.82233,31.32322,57.82993,31.61489,54.68523
09/06/2020 07:05:00,32.58792,57.58315,31.3711,57.584,31.56062,54.69308
09/06/2020 07:06:00,32.58797,57.7152,31.40573,57.68205,31.55485,55.22991
09/06/2020 07:07:00,32.60776,58.22379,31.40102,58.32799,31.65627,55.51458
09/06/2020 07:08:00,32.66797,57.52217,31.46337,57.60594,31.70987,54.48313
09/06/2020 07:09:00,32.70131,57.4985,31.5209,57.68683,31.74054,54.7285
09/06/2020 07:10:00,32.7754,57.32545,31.5316,57.35584,31.86443,54.21473
09/06/2020 07:11:00,32.84109,57.3837,31.63311,57.25124,31.82946,54.35128
09/06/2020 07:12:00,32.86308,57.6013,31.61955,57.64796,31.83075,54.88219
09/06/2020 07:13:00,32.87117,57.69852,31.63938,57.74845,31.79595,55.08946
09/06/2020 07:14:00,32.88533,57.68192,31.63484,57.77558,31.79133,55.07289
09/06/2020 07:15:00,32.87714,57.92882,31.71182,58.10867,31.89247,55.37555
09/06/2020 07:16:00,32.93932,57.84704,31.77423,58.1369,32.06639,54.86915
09/06/2020 07:17:00,32.98944,57.42393,31.84708,57.57006,32.10072,54.30749
09/06/2020 07:18:00,33.07927,57.35028,31.91613,57.32445,32.20087,54.17321
09/06/2020 07:19:00,33.12208,57.08894,31.95099,57.07272,32.11348,54.13508
09/06/2020 07:20:00,33.09266,56.87838,31.92155,57.05354,32.13286,54.16937
09/06/2020 07:21:00,33.09007,57.10168,31.95782,57.29778,32.11846,54.57893
09/06/2020 07:22:00,33.09023,57.27526,31.96284,57.31523,32.12049,54.36593
09/06/2020 07:23:00,33.10956,56.82339,31.98915,56.80124,32.14204,54.08239
09/06/2020 07:24:00,33.13794,56.99702,32.00853,57.11214,32.14545,54.31676
09/06/2020 07:25:00,33.09063,57.00887,32.01048,57.09037,32.17567,54.3361
09/06/2020 07:26:00,33.10089,57.43541,32.01525,57.52764,32.10509,54.80586
09/06/2020 07:27:00,33.11532,57.42859,32.02252,57.44053,32.15399,54.74633
09/06/2020 07:28:00,33.11892,57.54057,32.02288,57.72115,32.14708,55.08944
09/06/2020 07:29:00,33.11563,57.63037,32.03437,57.85829,32.22446,54.84316
09/06/2020 07:30:00,33.18971,56.93781,32.07974,57.07562,32.16828,54.306
09/06/2020 07:31:00,33.18969,56.86869,32.07451,56.75174,32.12203,53.97541
09/06/2020 07:32:00,33.16823,56.97545,32.04222,56.9801,32.11558,54.5048
09/06/2020 07:33:00,33.18156,56.98316,32.02697,57.07339,32.16956,54.27183
09/06/2020 07:34:00,33.18955,56.93754,32.0573,57.14194,32.27517,54.32112
09/06/2020 07:35:00,33.22464,56.76769,32.07409,56.91087,32.26011,53.95282
09/06/2020 07:36:00,33.18965,56.62365,32.0303,56.85625,32.15057,54.145
09/06/2020 07:37:00,33.16642,56.80753,31.952,57.15358,32.03471,54.61698
09/06/2020 07:38:00,33.1084,57.20499,31.91085,57.61058,32.05029,54.93092
09/06/2020 07:39:00,33.09055,57.32024,31.91397,57.66881,32.1181,54.74551
09/06/2020 07:40:00,33.09037,57.30793,31.93985,57.51234,32.18746,54.58183
09/06/2020 07:41:00,33.17454,57.43914,32.01543,57.75924,32.36201,54.52402
09/06/2020 07:42:00,33.24446,57.31829,32.11623,57.70784,32.49643,54.23997
09/06/2020 07:43:00,33.3649,57.2322,32.20545,57.49378,32.62654,54.05762
09/06/2020 07:44:00,33.49803,56.95356,32.33059,57.34514,32.68623,53.91562
09/06/2020 07:45:00,33.58822,56.7662,32.43193,57.11803,32.76508,53.71703
09/06/2020 07:46:00,33.62192,56.78188,32.43907,57.20287,32.60604,54.28941
09/06/2020 07:47:00,33.59241,56.98132,32.40419,57.51411,32.52021,54.84114
09/06/2020 07:48:00,33.58927,57.38437,32.40546,57.91517,32.45129,55.37706
09/06/2020 07:49:00,33.54053,57.63309,32.33359,58.15581,32.35331,55.69905
09/06/2020 07:50:00,33.49087,57.84893,32.37909,58.34563,32.49987,55.66602
09/06/2020 07:51:00,33.56775,57.83355,32.39849,58.2542,32.7079,55.16571
09/06/2020 07:52:00,33.65022,57.36568,32.51487,57.67154,32.79278,54.31801
09/06/2020 07:53:00,33.73842,57.31008,32.62764,57.60365,32.91962,54.30737
09/06/2020 07:54:00,33.80928,56.73122,32.72585,56.9554,33.008,53.50419
09/06/2020 07:55:00,33.89449,56.44532,32.82819,56.55619,32.98788,53.4799
09/06/2020 07:56:00,33.96291,56.45866,32.88242,56.64691,33.00304,53.61762
09/06/2020 07:57:00,33.99248,56.25758,32.89162,56.44839,33.05827,53.28648
09/06/2020 07:58:00,33.97297,55.82699,32.95858,55.85032,33.10289,52.81426
09/06/2020 07:59:00,34.00916,56.21251,33.02979,56.06298,33.21859,52.85403
09/06/2020 08:00:00,34.09228,55.79082,33.10611,55.90092,33.20225,52.90527
09/06/2020 08:01:00,34.10771,55.89428,33.12642,55.90693,33.07494,53.0233
09/06/2020 08:02:00,34.03974,55.89436,32.98138,55.72196,32.76838,53.63598
09/06/2020 08:03:00,33.93107,55.62457,32.88399,55.75248,32.71168,53.31647
09/06/2020 08:04:00,33.89366,55.62054,32.7901,56.12697,32.66134,53.79267
09/06/2020 08:05:00,33.81118,56.08079,32.6758,56.63656,32.63698,54.23791
09/06/2020 08:06:00,33.80985,56.29308,32.68511,56.75032,32.81394,53.71872
09/06/2020 08:07:00,33.8629,56.21202,32.70944,56.60045,32.88884,53.66236
09/06/2020 08:08:00,33.90729,55.55037,32.79092,55.82365,32.958,52.59796
09/06/2020 08:09:00,33.97558,55.36894,32.85523,55.69122,32.91998,52.76176
09/06/2020 08:10:00,33.99817,55.20559,32.87386,55.57874,33.0447,52.43404
09/06/2020 08:11:00,34.0546,54.71067,32.98314,54.92668,33.03429,51.84823
09/06/2020 08:12:00,34.04287,55.00866,32.95861,55.26698,32.90449,52.7294
09/06/2020 08:13:00,34.00024,55.19696,32.96537,55.52819,32.9976,52.68764
09/06/2020 08:14:00,34.07,55.10637,33.03199,55.38254,33.14199,52.39312
09/06/2020 08:15:00,34.08889,55.14235,33.06078,54.88347,33.1024,51.81701
09/06/2020 08:16:00,34.01433,53.78691,33.05531,53.70507,32.89971,50.9659
09/06/2020 08:17:00,33.97329,54.13469,32.98003,54.08372,32.82219,51.89795
09/06/2020 08:18:00,33.96919,54.59845,32.90137,54.92046,32.84735,52.28907
09/06/2020 08:19:00,33.94187,54.3645,32.88639,54.80625,32.92443,52.01789
09/06/2020 08:20:00,34.03607,54.42116,32.96833,54.88178,33.23196,51.55336
09/06/2020 08:21:00,34.17995,54.19928,33.08187,54.80298,33.48399,51.07516
09/06/2020 08:22:00,34.38755,53.56497,33.51781,54.05569,33.7234,50.16288
09/06/2020 08:23:00,34.6081,53.14827,33.62608,53.52457,33.71803,50.29437
09/06/2020 08:24:00,34.69547,53.29634,33.85357,53.44847,33.71581,50.41791
09/06/2020 08:25:00,34.72043,52.95115,33.23112,53.07552,33.64697,50.40792
09/06/2020 08:26:00,34.73233,53.24594,33.27775,53.37726,33.60541,50.70518
09/06/2020 08:27:00,34.75293,53.25251,33.24324,53.45845,33.52382,50.97008
09/06/2020 08:28:00,34.69605,53.23043,33.31387,53.58718,33.64998,50.74082
09/06/2020 08:29:00,34.78485,52.53757,33.42655,51.97738,33.60874,49.02161
09/06/2020 08:30:00,34.705,52.173,33.40525,52.10538,33.55619,49.82155
09/06/2020 08:31:00,34.70995,52.74569,33.43209,52.96648,33.58722,50.63692
09/06/2020 08:32:00,34.7405,52.95266,33.35786,53.30751,33.54946,50.76118
09/06/2020 08:33:00,34.71428,53.20812,33.33655,53.68142,33.5448,51.04441
09/06/2020 08:34:00,34.74268,53.17605,33.3779,53.80183,33.70005,50.80614
09/06/2020 08:35:00,34.79594,53.13799,33.40771,53.56792,33.64883,50.74257
09/06/2020 08:36:00,34.7942,52.86695,33.44081,53.26987,33.77147,50.17498
09/06/2020 08:37:00,34.80265,53.02186,33.49396,53.46027,33.8674,50.44263
09/06/2020 08:38:00,34.88566,52.8614,33.5085,52.95051,33.76848,49.99914
09/06/2020 08:39:00,34.76144,52.72599,33.4447,52.58023,33.55324,49.97129
09/06/2020 08:40:00,34.64894,52.22985,33.33562,52.15766,33.42871,49.68965
09/06/2020 08:41:00,34.54499,52.87167,33.20965,52.71641,33.40409,50.32174
09/06/2020 08:42:00,34.52693,53.29901,33.21184,53.47956,33.53938,50.53814
09/06/2020 08:43:00,34.56099,53.04584,33.26191,53.12056,33.66567,50.27695
09/06/2020 08:44:00,34.61124,53.33989,33.35876,53.61674,33.75348,50.56157
09/06/2020 08:45:00,34.65022,53.13074,33.42226,53.45667,33.80554,50.3246
09/06/2020 08:46:00,34.74619,53.23277,33.50181,53.53259,33.80031,50.52187
09/06/2020 08:47:00,34.79609,53.56099,33.5527,53.79657,33.84639,50.88338
09/06/2020 08:48:00,34.8644,53.52308,33.59904,53.72924,33.82679,50.79063
09/06/2020 08:49:00,34.79847,53.73096,33.49667,54.00451,33.59475,51.57628
09/06/2020 08:50:00,34.79834,53.77064,33.46355,54.07981,33.70128,51.11387
09/06/2020 08:51:00,34.78152,53.7704,33.44206,54.02857,33.70807,51.27661
09/06/2020 08:52:00,34.81112,53.69048,33.48658,54.12124,33.76965,51.18082
09/06/2020 08:53:00,34.87403,53.60309,33.51188,54.02312,33.85337,50.77724
09/06/2020 08:54:00,34.92656,53.39455,33.63448,53.77983,34.06481,50.40824
09/06/2020 08:55:00,35.00451,53.12267,33.75036,53.48375,34.24852,49.85552
09/06/2020 08:56:00,35.06105,52.65774,33.79753,53.00578,34.11489,50.05167
09/06/2020 08:57:00,35.00459,51.96447,33.71886,52.36479,33.99923,49.54802
09/06/2020 08:58:00,35.00409,52.04514,33.73335,52.24067,34.13674,48.89013
09/06/2020 08:59:00,35.07062,52.05379,33.80555,52.42594,34.26495,49.19079
09/06/2020 09:00:00,35.13832,51.78082,33.90314,52.02991,34.34556,48.52447
09/06/2020 09:01:00,35.20262,51.19813,33.94886,51.57316,34.35267,48.33647
09/06/2020 09:02:00,35.32777,51.44598,34.02115,52.00226,34.5713,48.3364
09/06/2020 09:03:00,35.5243,50.81325,34.19382,51.40224,34.80463,47.43005
09/06/2020 09:04:00,35.66498,50.71391,34.36532,51.01554,34.95037,47.0005
09/06/2020 09:05:00,35.72377,50.37114,34.41076,50.46772,34.68562,47.58553
09/06/2020 09:06:00,35.71062,49.83264,34.45202,50.23629,34.75489,46.9202
09/06/2020 09:07:00,35.66346,49.17613,34.37654,49.50164,34.45508,47.23125
09/06/2020 09:08:00,35.51992,48.4365,34.20055,48.36357,34.3301,45.70975
09/06/2020 09:09:00,35.3647,48.20351,34.08527,48.50648,34.28479,46.0204
09/06/2020 09:10:00,35.37298,49.10141,34.05915,49.35188,34.44611,46.43291
09/06/2020 09:11:00,35.4221,49.306,34.16393,49.66882,34.7129,46.25004
09/06/2020 09:12:00,35.54926,49.43375,34.30764,49.6156,34.74114,46.3352
09/06/2020 09:13:00,35.59663,49.29922,34.37992,49.56955,34.71606,46.46202
09/06/2020 09:14:00,35.61903,49.1188,34.41057,49.33772,34.66523,46.25265
09/06/2020 09:15:00,35.62434,48.69854,34.33644,49.14365,34.58439,46.13855
09/06/2020 09:16:00,35.61908,47.84177,34.27361,48.25526,34.43005,45.58387
09/06/2020 09:17:00,35.52137,47.84031,34.14186,48.46955,34.30575,46.01033
09/06/2020 09:18:00,35.48214,48.44598,34.06742,49.19595,34.41772,46.30854
09/06/2020 09:19:00,35.50617,48.58899,34.10777,49.16776,34.61255,45.80058
09/06/2020 09:20:00,35.58675,47.99799,34.1917,48.63329,34.69337,45.16719
09/06/2020 09:21:00,35.62927,48.10255,34.30074,48.53002,34.81133,45.305
09/06/2020 09:22:00,35.79826,47.8999,34.47129,48.40639,35.05665,44.64537
09/06/2020 09:23:00,35.94574,47.08471,34.60067,47.66431,35.1113,44.13197
09/06/2020 09:24:00,36.04515,46.87944,34.6891,47.42469,35.27763,43.83938
09/06/2020 09:25:00,36.12286,46.13071,34.78496,46.46093,35.16042,43.46572
09/06/2020 09:26:00,35.95886,46.29382,34.57491,47.04057,34.68709,44.90576
09/06/2020 09:27:00,35.81694,47.1298,34.45636,47.7366,34.73419,45.23297
09/06/2020 09:28:00,35.82219,47.66184,34.53857,48.26493,35.02784,44.87921
09/06/2020 09:29:00,35.98566,46.56478,34.64276,47.05569,35.15764,43.49963
09/06/2020 09:30:00,36.01128,46.27081,34.61928,46.34541,34.83804,43.55161
09/06/2020 09:31:00,35.97657,46.4917,34.5288,46.50515,34.68419,44.06281
09/06/2020 09:32:00,35.91171,46.5448,34.50684,46.8475,34.81414,44.18972
09/06/2020 09:33:00,35.92338,46.62994,34.58335,46.96313,34.93268,44.07835
09/06/2020 09:34:00,35.99543,46.30053,34.68704,46.58766,35.10104,43.50136
09/06/2020 09:35:00,36.10234,46.46729,34.74469,46.48176,35.31413,43.23936
09/06/2020 09:36:00,36.28669,45.88538,34.98133,46.03449,35.75813,41.97133
09/06/2020 09:37:00,36.53241,45.46128,35.18026,45.32366,36.04064,41.25812
09/06/2020 09:38:00,36.73913,45.20317,35.36876,45.11572,36.11653,41.52568
09/06/2020 09:39:00,36.90123,44.92937,35.4946,44.86529,36.16256,41.1457
09/06/2020 09:40:00,37.01273,44.13894,35.58898,44.06867,35.98791,40.76072
09/06/2020 09:41:00,37.00452,43.80296,35.56785,43.70002,35.54067,41.25783
09/06/2020 09:42:00,36.86781,43.87402,35.37431,44.18578,35.35719,41.99481
09/06/2020 09:43:00,36.81478,44.09745,35.31308,44.02617,35.527,41.21469
09/06/2020 09:44:00,36.81586,42.39016,35.31895,42.6208,35.45789,39.92807
09/06/2020 09:45:00,36.74468,43.11243,35.22143,43.34276,35.33659,41.00671
09/06/2020 09:46:00,36.71484,44.28917,35.2211,44.4168,35.42472,41.92466
09/06/2020 09:47:00,36.71493,44.32689,35.26891,44.51777,35.51062,41.895
09/06/2020 09:48:00,36.71205,44.21859,35.32601,44.41658,35.52412,41.77093
09/06/2020 09:49:00,36.71594,44.61613,35.39357,44.66278,35.68046,41.80897
09/06/2020 09:50:00,36.7155,44.37341,35.48066,44.11403,35.60421,41.36928
09/06/2020 09:51:00,36.71577,44.24467,35.50626,43.99146,35.4954,41.61483
09/06/2020 09:52:00,36.7149,44.83464,35.43944,44.61934,35.47476,42.35815
09/06/2020 09:53:00,36.71869,45.14436,35.45693,44.98193,35.6373,42.17325
09/06/2020 09:54:00,36.8053,44.40395,35.51483,43.86744,35.91983,40.81621
09/06/2020 09:55:00,36.87815,44.35633,35.5966,44.01875,36.07966,40.71138
09/06/2020 09:56:00,36.93109,43.37611,35.61332,43.16075,35.98802,40.1043
09/06/2020 09:57:00,36.90422,43.21222,35.52303,43.00439,35.87041,40.28602
09/06/2020 09:58:00,36.81643,43.03167,35.45456,43.19717,35.71939,40.53498
09/06/2020 09:59:00,36.73012,43.33387,35.35363,43.58388,35.59002,41.10268
09/06/2020 10:00:00,36.67423,43.08381,35.31195,43.24718,35.55943,40.40291
09/06/2020 10:01:00,36.72816,43.09266,35.36124,43.42217,35.72642,40.44721
09/06/2020 10:02:00,36.86605,43.48616,35.48827,43.91906,35.94222,40.91574
09/06/2020 10:03:00,36.92883,43.80458,35.51479,44.18118,35.85839,41.50845
09/06/2020 10:04:00,36.91472,44.16656,35.52352,44.58111,35.73288,42.31087
09/06/2020 10:05:00,36.8501,44.78204,35.51513,45.22428,35.83281,42.47273
09/06/2020 10:06:00,36.81111,44.64376,35.47766,44.95782,35.6855,42.60644
09/06/2020 10:07:00,36.79204,44.9809,35.42232,45.33759,35.84727,42.33003
09/06/2020 10:08:00,36.92086,44.21734,35.57182,44.49827,35.88868,41.51023
09/06/2020 10:09:00,37.00718,44.55439,35.57591,44.81664,35.94987,41.78364
09/06/2020 10:10:00,37.12316,44.32044,35.7658,44.34569,36.29746,41.01979
09/06/2020 10:11:00,37.33633,44.13369,35.99548,44.13052,36.66461,40.47522
09/06/2020 10:12:00,37.54971,43.78967,36.23454,43.65204,36.80099,40.05722
09/06/2020 10:13:00,37.72938,43.73925,36.43135,43.2621,37.08839,39.45083
09/06/2020 10:14:00,37.99516,43.08305,36.67418,42.90359,37.25121,39.24492
09/06/2020 10:15:00,38.17262,43.24003,36.87754,42.95052,37.37667,39.56133
09/06/2020 10:16:00,38.32584,43.06237,37.0331,42.50904,37.57476,38.96721
09/06/2020 10:17:00,38.4032,42.33315,37.09225,42.33204,37.47546,39.26279
09/06/2020 10:18:00,38.33141,42.74837,37.04445,42.77518,37.16899,40.41972
09/06/2020 10:19:00,38.38092,43.19902,37.01817,43.46922,37.45533,40.11239
09/06/2020 10:20:00,38.4056,43.09448,37.0133,43.49706,37.41559,40.45853
09/06/2020 10:21:00,38.34996,43.3711,36.83824,43.98864,37.13523,41.45411
09/06/2020 10:22:00,38.27477,43.37953,36.75206,43.85334,37.10989,40.9021
09/06/2020 10:23:00,38.20435,43.34371,36.68118,43.9065,36.82758,41.23708
09/06/2020 10:24:00,38.11082,43.67528,36.62231,44.02829,36.81277,41.27342
09/06/2020 10:25:00,38.06017,43.62225,36.62207,44.07008,36.90445,41.17302
09/06/2020 10:26:00,37.98228,43.24358,36.53313,43.8465,36.69935,41.60771
09/06/2020 10:27:00,37.76083,43.74646,36.34477,44.23197,36.47285,42.01604
09/06/2020 10:28:00,37.67429,43.91469,36.31917,44.29753,36.6176,41.63473
09/06/2020 10:29:00,37.65096,43.97205,36.32542,44.28715,36.62389,41.73006
09/06/2020 10:30:00,37.5798,44.20302,36.31057,44.46556,36.46893,42.20221
09/06/2020 10:31:00,37.60424,44.3412,36.33907,44.51343,36.74719,41.37328
09/06/2020 10:32:00,37.767,44.24347,36.44934,44.28818,37.09793,40.58617
09/06/2020 10:33:00,37.97847,,,,,
09/06/2020 10:34:00,,,,,,
09/06/2020 10:35:00,,,,,,
09/06/2020 10:36:00,,,,,,
09/06/2020 10:37:00,,,,,,
09/06/2020 10:38:00,,,,,,
09/06/2020 10:39:00,,,,,,
09/06/2020 10:40:00,,,,,,
09/06/2020 10:41:00,,,,,,
09/06/2020 10:42:00,,,,,,
